Gene_Name,Imprinting_Category
0610038B21Rik,P
0610039K10Rik,P
0610040B10Rik,P
0610040F04Rik,P
0610043K17Rik,P
1110002E22Rik,M&P
1110002J07Rik,M&P
1110006O24Rik,P
1110008P14Rik,M&P
1110015O18Rik,P
1110019D14Rik,P
1110020A21Rik,M&P
1110028F11Rik,P
1110046J04Rik,P
1110059E24Rik,M
1110059G10Rik,P
1300017J02Rik,P
1500004A13Rik,M
1500009C09Rik,M
1500012K07Rik,P
1500015A07Rik,P
1500015L24Rik,P
1500035N22Rik,M&P
1600010M07Rik,P
1600014C10Rik,M
1600014C23Rik,P
1600015H23Rik,P
1600023N17Rik,P
1600029I14Rik,P
1600029O15Rik,P
1700001G11Rik,P
1700001G17Rik,P
1700001O22Rik,P
1700001P01Rik,P
1700003D09Rik,P
1700003F12Rik,P
1700003G18Rik,P
1700003L19Rik,P
1700003M07Rik,M
1700006F04Rik,P
1700007F19Rik,P
1700007J10Rik,P
1700007K13Rik,P
1700007L15Rik,P
1700007P06Rik,P
1700008O03Rik,M&P
1700009C05Rik,P
1700010I14Rik,M&P
1700010K23Rik,P
1700012B09Rik,P
1700012C14Rik,P
1700012D01Rik,P
1700012D14Rik,M
1700012D16Rik,P
1700012H19Rik,P
1700012P22Rik,P
1700013F07Rik,P
1700016K19Rik,P
1700016L04Rik,M&P
1700018A04Rik,P
1700018L02Rik,P
1700019A02Rik,P
1700019G24Rik,P
1700019N19Rik,P
1700020D05Rik,P
1700020L24Rik,P
1700020N18Rik,P
1700022N22Rik,P
1700023D09Rik,P
1700023F02Rik,P
1700024B18Rik,P
1700024G13Rik,M&P
1700025G04Rik,M
1700026J14Rik,P
1700027H10Rik,P
1700028E10Rik,P
1700028I16Rik,P
1700028J19Rik,P
1700028K03Rik,M&P
1700028P14Rik,M
1700029H14Rik,P
1700029I15Rik,P
1700029J07Rik,M&P
1700030A11Rik,P
1700030C10Rik,P
1700030C12Rik,P
1700030C14Rik,M&P
1700030F04Rik,P
1700030J22Rik,M
1700030M09Rik,P
1700034H15Rik,M&P
1700034P13Rik,P
1700037C18Rik,M&P
1700039E22Rik,P
1700039M10Rik,P
1700040D17Rik,P
1700047M11Rik,P
1700051A21Rik,P
1700054M17Rik,P
1700055D16Rik,P
1700055D18Rik,M&P
1700056E22Rik,P
1700057G04Rik,P
1700063D05Rik,M&P
1700063O14Rik,P
1700065D16Rik,P
1700065J18Rik,P
1700066B19Rik,P
1700066O22Rik,P
1700067K01Rik,P
1700071K01Rik,P
1700071M16Rik,P
1700084E18Rik,P
1700086O06Rik,M
1700088E04Rik,M
1700092K14Rik,P
1700092M07Rik,P
1700093K21Rik,M&P
1700095J03Rik,P
1700096K18Rik,M
1700097N02Rik,P
1700101I11Rik,P
1700102H20Rik,P
1700102P08Rik,P
1700109G14Rik,P
1700110K17Rik,P
1700112D23Rik,M
1700112J16Rik,P
1700113A16Rik,M&P
1700120B22Rik,P
1700120C14Rik,P
1700120K04Rik,P
1700122H20Rik,P
1700123K08Rik,P
1700123L14Rik,P
1700123M08Rik,P
1700123O21Rik,P
1700124L16Rik,P
1700125G02Rik,P
1700125H03Rik,P
1700125H20Rik,P
1810009A15Rik,P
1810010H24Rik,P
1810012K16Rik,P
1810013A23Rik,P
1810014B01Rik,P
1810019N24Rik,P
1810020O05Rik,M&P
1810021B22Rik,P
1810024B03Rik,P
1810030O07Rik,P
1810034E14Rik,P
1810041H14Rik,P
1810044D09Rik,P
1810062G17Rik,P
1810062O18Rik,P
1810073O08Rik,P
2010109A12Rik,P
2010204K13Rik,P
2010308F09Rik,P
2200002D01Rik,P
2210039B01Rik,P
2210406O10Rik,M
2210416O15Rik,M&P
2310001H17Rik,P
2310001K24Rik,P
2310002F09Rik,P
2310010J17Rik,P
2310022B05Rik,M
2310030G06Rik,P
2310033P09Rik,M
2310034G01Rik,P
2310039H08Rik,M
2310040G24Rik,P
2310043M15Rik,P
2310061I04Rik,M
2310068J16Rik,P
2410004I01Rik,P
2410004P03Rik,M&P
2410018L13Rik,P
2410124H12Rik,P
2410137M14Rik,P
2500002B13Rik,P
2510003B16Rik,M&P
2510039O18Rik,M
2610002M06Rik,P
2610005L07Rik,M
2610020C07Rik,M&P
2610024D14Rik,P
2610027K06Rik,P
2610028E06Rik,P
2610028H24Rik,P
2610035F20Rik,P
2610037D02Rik,P
2610042L04Rik,P
2610203C22Rik,P
2610301B20Rik,M
2610307P16Rik,M&P
2610316D01Rik,P
2610318M16Rik,P
2610318N02Rik,P
2610507I01Rik,M
2610528A11Rik,P
2700012I20Rik,P
2700038G22Rik,M&P
2700046A07Rik,P
2700054A10Rik,M&P
2700069I18Rik,P
2700070H01Rik,P
2700089I24Rik,P
2700099C18Rik,P
2810001G20Rik,P
2810002D19Rik,P
2810030D12Rik,P
2810049E08Rik,P
2810403D21Rik,P
2810404M03Rik,P
2810408A11Rik,P
2810408I11Rik,P
2810414N06Rik,M&P
2810425M01Rik,P
2810429I04Rik,P
2810433D01Rik,P
2810454H06Rik,P
2900005J15Rik,M
2900009J06Rik,M&P
2900040C04Rik,P
2900041M22Rik,P
2900060B14Rik,M&P
2900060N12Rik,M
3000002C10Rik,M
3010001F23Rik,P
3010003L21Rik,P
3110009E18Rik,M&P
3110009F21Rik,P
3110021A11Rik,P
3110045C21Rik,M&P
3110067G11Rik,P
3110070M22Rik,M&P
3110082J24Rik,P
3110083C13Rik,P
3110099E03Rik,P
3300002A11Rik,P
3300002I08Rik,P
3300002P13Rik,P
3425401B19Rik,P
3632454L22Rik,P
3830408C21Rik,M&P
3830432H09Rik,P
3930402G23Rik,P
4631405J19Rik,P
4632415L05Rik,M
4632428C04Rik,P
4732414G09Rik,P
4732416N19Rik,P
4732419C18Rik,P
4732471J01Rik,M
4831407H17Rik,P
4831440E17Rik,M&P
4833407H14Rik,P
4833411C07Rik,P
4833412C05Rik,P
4833415N18Rik,P
4833417C18Rik,M&P
4833418N02Rik,P
4833419F23Rik,P
4833422C13Rik,P
4833422M21Rik,P
4833428L15Rik,P
4833438C02Rik,P
4833439F03Rik,P
4921507P07Rik,P
4921509O07Rik,P
4921511C10Rik,P
4921515E04Rik,P
4921525O09Rik,P
4921536K21Rik,P
4922502B01Rik,P
4930404I05Rik,P
4930404N11Rik,P
4930405A21Rik,P
4930405O22Rik,P
4930412C18Rik,P
4930412M03Rik,P
4930413F20Rik,P
4930413G21Rik,P
4930415O20Rik,P
4930419G24Rik,P
4930425L21Rik,P
4930426D05Rik,P
4930426I24Rik,P
4930426L09Rik,P
4930429B21Rik,M
4930429F24Rik,M&P
4930431P03Rik,P
4930431P22Rik,P
4930432K21Rik,M
4930443O20Rik,P
4930444P10Rik,P
4930447C04Rik,P
4930447F24Rik,P
4930447K03Rik,M&P
4930447M23Rik,P
4930447N08Rik,P
4930452G13Rik,P
4930455D15Rik,P
4930455H04Rik,P
4930465K10Rik,P
4930467D21Rik,M&P
4930467E23Rik,M&P
4930467K11Rik,P
4930470G03Rik,P
4930470H14Rik,P
4930471C04Rik,P
4930471M09Rik,P
4930473A02Rik,P
4930474G06Rik,P
4930479D17Rik,M
4930480G23Rik,P
4930481A15Rik,P
4930482G09Rik,P
4930483J18Rik,P
4930483O08Rik,P
4930484H19Rik,P
4930486L24Rik,P
4930500G05Rik,P
4930503B20Rik,P
4930506C21Rik,P
4930507D05Rik,M&P
4930509G22Rik,P
4930511A02Rik,P
4930512B01Rik,P
4930513D17Rik,P
4930513N10Rik,P
4930515G01Rik,P
4930515L03Rik,M&P
4930517G24Rik,P
4930519F16Rik,P
4930519K11Rik,P
4930520O04Rik,M
4930522P08Rik,P
4930523C07Rik,P
4930525G20Rik,P
4930526L06Rik,P
4930528A17Rik,P
4930528D03Rik,P
4930529C04Rik,M&P
4930533K18Rik,P
4930535L15Rik,P
4930538E20Rik,P
4930539J05Rik,P
4930539M17Rik,P
4930543N07Rik,P
4930544D05Rik,P
4930546C10Rik,P
4930546K05Rik,P
4930550C14Rik,P
4930552P12Rik,P
4930553C11Rik,P
4930553P18Rik,P
4930554H23Rik,P
4930555A03Rik,P
4930555G01Rik,P
4930555K19Rik,M
4930556M19Rik,P
4930558J18Rik,P
4930558K02Rik,P
4930563E18Rik,P
4930567H12Rik,P
4930568G15Rik,P
4930577N17Rik,P
4930578G10Rik,P
4930578L24Rik,P
4930578M01Rik,P
4930579F01Rik,P
4930579G18Rik,P
4930579G24Rik,M&P
4930579K19Rik,P
4930590A17Rik,P
4930592A05Rik,P
4930592C13Rik,P
4930593A02Rik,P
4930593C16Rik,P
4930594C11Rik,P
4930595D18Rik,P
4930596I21Rik,P
4930598N05Rik,P
4930599N23Rik,P
4931403E22Rik,P
4931406H21Rik,P
4931408D14Rik,M&P
4931415C17Rik,P
4931419H13Rik,P
4931422A03Rik,P
4931429L15Rik,P
4931431C16Rik,P
4931440J10Rik,P
4931440P22Rik,P
4932414N04Rik,P
4932415M13Rik,P
4932441J04Rik,P
4932702P03Rik,P
4933402D24Rik,P
4933402J07Rik,P
4933403O08Rik,P
4933404O12Rik,M
4933405D12Rik,P
4933405O20Rik,P
4933406C10Rik,P
4933407E24Rik,P
4933407K13Rik,M&P
4933407L21Rik,M&P
4933408J17Rik,M&P
4933409K07Rik,M
4933411K16Rik,P
4933416E14Rik,P
4933416I08Rik,P
4933417D19Rik,P
4933417O13Rik,P
4933422A05Rik,P
4933424G06Rik,P
4933424M12Rik,P
4933427E11Rik,P
4933428G20Rik,P
4933429O19Rik,M&P
4933430I17Rik,P
4933431E20Rik,P
4933432I09Rik,P
4933433G15Rik,P
4933433G19Rik,P
4933439K11Rik,P
5031425E22Rik,M
5031434C07Rik,P
5033403F01Rik,P
5033430I15Rik,P
5330411J11Rik,P
5330413P13Rik,P
5330429C05Rik,P
5330434G04Rik,P
5430402O13Rik,M&P
5430403G16Rik,P
5430427O19Rik,P
5430431A17Rik,P
5430437J10Rik,P
5530601H04Rik,P
5730403I07Rik,P
5730405O15Rik,P
5730408K05Rik,P
5730412P04Rik,P
5730420D15Rik,P
5730480H06Rik,P
5730507C01Rik,P
5830408C22Rik,P
5830411N06Rik,P
5830417I10Rik,M
5830418P13Rik,P
5830432E09Rik,P
5830444B04Rik,P
5830454E08Rik,P
5930403N24Rik,P
5930438M14Rik,P
6030407O03Rik,P
6030442K20Rik,P
6030443J06Rik,M&P
6030458C11Rik,M
6030466F02Rik,P
6030468B19Rik,P
6030498E09Rik,P
6230400D17Rik,P
6330407A03Rik,P
6330409D20Rik,P
6330410L21Rik,P
6330415B21Rik,P
6330415G19Rik,M&P
6330420H09Rik,P
6330525I24Rik,P
6330549D23Rik,P
6430411K18Rik,M&P
6430550D23Rik,P
6430553K19Rik,P
6430571L13Rik,M
6430573P05Rik,M&P
6430584L05Rik,P
6430628N08Rik,P
6430710C18Rik,P
6530409C15Rik,P
6530411M01Rik,M&P
6720468P15Rik,P
6720483E21Rik,P
6820408C15Rik,P
7530428D23Rik,P
8030423F21Rik,P
8030442B05Rik,P
8030453O22Rik,P
8030455M16Rik,P
8430426J06Rik,P
8430429K09Rik,P
8430431K14Rik,P
9030025P20Rik,P
9030612E09Rik,P
9030624G23Rik,P
9130008F23Rik,P
9130019O22Rik,P
9130019P16Rik,P
9130023H24Rik,P
9130227L01Rik,P
9230009I02Rik,P
9230102K24Rik,P
9230112J17Rik,P
9230114K14Rik,P
9230116N13Rik,P
9330102E08Rik,M
9330104G04Rik,M
9330111N05Rik,M
9330117O12Rik,P
9330136K24Rik,P
9330158H04Rik,P
9330159M07Rik,P
9330175M20Rik,P
9330179D12Rik,M&P
9330188P03Rik,M
9330198I05Rik,P
9330199G10Rik,P
9430018G01Rik,P
9430037G07Rik,P
9430038I01Rik,P
9430041J12Rik,M&P
9430060I03Rik,P
9430065F17Rik,M&P
9430069I07Rik,P
9430078K24Rik,P
9530020I12Rik,P
9530026P05Rik,P
9530027J09Rik,P
9530036O11Rik,P
9530051G07Rik,P
9530052C20Rik,M&P
9530053A07Rik,M&P
9530062K07Rik,P
9530080O11Rik,M&P
9530082P21Rik,M&P
9530091C08Rik,P
9630001P10Rik,M
9630013A20Rik,M&P
9630013D21Rik,P
9630013K17Rik,P
9630015K15Rik,P
9630028B13Rik,P
9630028I04Rik,P
9830166K06Rik,P
9930012K11Rik,P
9930014A18Rik,P
9930111J21Rik1,P
9930111J21Rik2,P
A030001D20Rik,P
A130077B15Rik,P
A230001M10Rik,P
A230006K03Rik,M
A230009B12Rik,P
A230020J21Rik,P
A230028O05Rik,P
A230051N06Rik,P
A230056J06Rik,P
A230056P14Rik,P
A230057D06Rik,M
A230072C01Rik,P
A230072E10Rik,P
A230083G16Rik,P
A230103J11Rik,M&P
A230107N01Rik,P
A2ml1,M&P
A330008L17Rik,P
A330009N23Rik,M
A330015K06Rik,P
A330032B11Rik,P
A330032P22Rik,M&P
A330033J07Rik,P
A330035P11Rik,P
A330040F15Rik,P
A330041J22Rik,M&P
A330048O09Rik,M
A330049N07Rik,P
A330069E16Rik,P
A330074K22Rik,P
A330076C08Rik,P
A330076H08Rik,M
A330093E20Rik,P
A330094K24Rik,P
A3galt2,P
A430018G15Rik,P
A430027H14Rik,P
A430033K04Rik,M
A430035B10Rik,P
A430057M04Rik,P
A430078I02Rik,P
A430093F15Rik,P
A430108G06Rik,M&P
A4galt,M&P
A4gnt,P
A530013C23Rik,P
A530046M15Rik,P
A530065N20Rik,P
A530072M11Rik,M&P
A530088E08Rik,P
A630001G21Rik,P
A630001O12Rik,P
A630019I02Rik,P
A630023P12Rik,P
A630066F11Rik,M&P
A630077J23Rik,P
A630089N07Rik,P
A730013G03Rik,P
A730017L22Rik,P
A730018C14Rik,P
A730020M07Rik,P
A730035I17Rik,P
A730036I17Rik,P
A730046J19Rik,P
A730049H05Rik,P
A730056A06Rik,M&P
A730063M14Rik,P
A730081D07Rik,P
A730085K08Rik,P
A730090N16Rik,P
A730098A19Rik,P
A830005F24Rik,P
A830009L08Rik,P
A830018L16Rik,M
A830019L24Rik,P
A830019P07Rik,P
A830029E22Rik,P
A830036E02Rik,M&P
A830052D11Rik,P
A930001A20Rik,P
A930001C03Rik,P
A930002C04Rik,P
A930003A15Rik,P
A930003O13Rik,P
A930005G22Rik,P
A930005H10Rik,P
A930006K02Rik,M&P
A930009A15Rik,P
A930011G23Rik,P
A930012L18Rik,M&P
A930015D03Rik,M
A930016O22Rik,P
A930017K11Rik,P
A930033H14Rik,P
A930037H05Rik,P
A930041C12Rik,P
AA386476,M&P
AA387883,P
AA388235,P
AA413626,P
AA467197,P
AA543186,P
AB124611,P
AF357399,P
AI182371,P
AI197445,P
AI413582,M
AI429214,M
AI463170,P
AI467606,P
AI506816,M&P
AI606473,P
AI661453,P
AI839979,P
AI847159,P
AU021063,P
AU022252,M
AU022754,P
AU023762,P
AU040972,P
AU041480,P
AV039307,P
AV051173,P
AW112010,P
AW495222,P
AW549542,P
AW551984,P
AW822252,P
AY074887,P
Aadat,P
Aanat,P
Aar2,M
Aars2,M
Abca12,P
Abca13,P
Abca17,P
Abca3,M
Abca4,M&P
Abca6,M&P
Abcb11,P
Abcb1b,P
Abcb7,P
Abcb8,M
Abcc12,P
Abcc2,P
Abcc3,P
Abcc4,P
Abcc6,P
Abcd1,P
Abcf2,M
Abcg3,P
Abcg4,P
Abcg5,P
Abhd10,M
Abhd11os,P
Abhd14a,M
Abhd14b,M
Abhd15,P
Abhd1,M
Abhd3,P
Abi3bp,P
Abitram,P
Abra,P
Abraxas1,P
Acaa1b,M
Acad10,M&P
Acad12,M
Acads,M
Acap1,P
Acap3,M
Acbd7,P
Accsl,P
Ace2,P
Acer2,P
Ackr1,M
Ackr2,P
Ackr4,P
Acnat1,P
Acod1,P
Acot12,P
Acot3,P
Acot4,P
Acot9,P
Acox2,P
Acoxl,P
Acp1,M
Acp4,P
Acp5,P
Acp7,P
Acpp,P
Acr,P
Acsbg3,P
Acsl4,P
Acsm3,P
Acsm5,P
Acss2,M
Acss2os,P
Acss3,M&P
Actbl2,P
Actg1,P
Actl10,P
Actl6b,M
Actl7b,P
Actl9,P
Actn2,M
Actn3,P
Actr10,M
Actr5,M
Actrt3,P
Acvrl1,M
Acy1,M
Acy3,P
Ada,P
Adad1,P
Adam17,M
Adam18,P
Adam1b,P
Adam21,P
Adam2,P
Adam32,M&P
Adam33,P
Adam3,P
Adam4,M&P
Adam5,P
Adam8,P
Adamts10,M
Adamts12,M&P
Adamts13,M
Adamts14,P
Adamts16,P
Adamts18,P
Adamts19,P
Adamts4,M
Adamts5,P
Adamts7,P
Adamtsl1,P
Adamtsl3,M&P
Adarb2,M
Adat3,P
Adcy10,P
Adcy4,M&P
Adcy7,M
Adcyap1,P
Adgb,P
Adgra3,M
Adgrd1,P
Adgre4,P
Adgre5,M
Adgrf1,P
Adgrf2,P
Adgrf4,M&P
Adgrg1,P
Adgrg2,M&P
Adgrg4,P
Adgrg5,P
Adgrg6,P
Adgrl1,M
Adgrv1,P
Adh1,P
Adh7,P
Adi1,M
Adm,P
Adora2a,P
Adora3,P
Adpgk,M
Adprhl1,P
Adra2b,P
Adrb2,P
Adrb3,P
Adssl1,P
Adtrp,P
Aff2,P
Afmid,P
Afp,P
Agap3,M
Agbl1,P
Agbl2,P
Agbl4,M
Ager,P
Agmat,P
Agpat1,M
Agpat2,P
Agtr1a,M&P
Agtr1b,P
Agtr2,P
Agxt2,P
Ahcy,M
Ahnak2,M&P
Ahr,M
Ahrr,P
Aif1,M
Aifm1,P
Aim2,M&P
Aire,P
Airn,M&P
Ajuba,P
Ak7,P
Ak8,P
Ak9,P
Akap14,M&P
Akap17b,P
Akap1,M
Akap3,P
Akip1,P
Akna,P
Aknad1,P
Akr1b10,M
Akr1b7,P
Akr1b8,M&P
Akr1c13,P
Akr1c14,M
Akr1c18,P
Akr1c19,P
Akt1,P
Aktip,M
Alad,P
Alas1,M
Alas2,M&P
Alb,P
Aldh1a2,P
Aldh1a3,P
Aldh1a7,P
Aldh1l2,P
Aldh3a1,P
Aldh3b2,P
Aldh3b3,P
Aldh4a1,M
Aldh8a1,P
Aldoart1,P
Aldoart2,P
Aldob,P
Alg13,P
Alg8,M
Alg9,P
Alkal2,M&P
Allc,P
Alms1-ps2,P
Alox12,P
Alox12e,P
Alox15,P
Alox5,M&P
Alox8,M
Aloxe3,M
Alpk2,P
Alpk3,P
Alpl,M
Alx1,P
Alx3,P
Alx4,P
Alyref2,M
Amacr,M
Amd2,M&P
Amdhd1,P
Amdhd2,M
Amer1,P
Amfr,M
Amh,P
Amhr2,P
Amigo2,M
Amigo3,M&P
Ammecr1,P
Amot,P
Amotl2,M
Amy2b,P
Anapc13,M
Anapc15,P
Ang,P
Angpt1,M
Angpt2,P
Angpt4,P
Angptl1,M&P
Angptl2,P
Angptl3,P
Angptl7,P
Ankdd1a,M
Ankdd1b,P
Ankef1,P
Ankfn1,M&P
Ankle1,P
Ankmy1,P
Ankrd22,P
Ankrd23,P
Ankrd29,P
Ankrd2,P
Ankrd31,P
Ankrd33,P
Ankrd34c,M&P
Ankrd46,M
Ankrd61,P
Ankrd65,M&P
Ankrd66,P
Ankrd7,P
Anks4b,P
Ankub1,P
Ano1,P
Ano2,M&P
Ano5,M&P
Ano7,P
Anp32a,M
Antxr2,M&P
Anxa1,M&P
Anxa4,M
Anxa8,P
Anxa9,M&P
Aoah,P
Aoc3,P
Aox2,P
Aox3,P
Aox4,M
Ap1g1,P
Ap1m2,P
Ap1s2,P
Ap2s1,M
Ap4s1,P
Ap5s1,M
Apela,P
Apex2,P
Aph1c,M
Apln,P
Aplnr,M&P
Apoa2,M&P
Apob,P
Apobec1,P
Apobec2,P
Apobec3,M
Apobec4,P
Apobr,P
Apoc1,P
Apoc3,P
Apod,M
Apoe,M&P
Apof,M
Apoh,P
Apol10b,P
Apol11b,P
Apoo-ps,P
Apoo,P
Apool,P
Appbp2os,P
Aqp1,P
Aqp3,P
Aqp5,P
Aqp6,P
Aqp7,P
Aqp9,M&P
Ar,P
Araf,P
Arc,M
Areg,P
Arf1,M
Arf2,M
Arf5,M
Arg1,P
Arg2,P
Arhgap11a,M
Arhgap20os,P
Arhgap22,P
Arhgap25,P
Arhgap27os3,P
Arhgap28,P
Arhgap30,M
Arhgap33os,P
Arhgap36,P
Arhgap40,P
Arhgap4,P
Arhgap6,P
Arhgap8,P
Arhgap9,P
Arhgdib,M
Arhgef10l,P
Arhgef11,M
Arhgef16,P
Arhgef33,P
Arhgef37,P
Arhgef38,P
Arhgef39,P
Arhgef5,P
Arhgef6,P
Arhgef9,P
Arid1b,M
Arid3c,P
Arid4a,M
Arl11,P
Arl2bp,M
Arl4aos,P
Arl4d,M
Arl5b,M
Arl5c,P
Arl6,M
Arl6ip1,M
Arl8a,M
Arl9,P
Armc12,P
Armc4,P
Armc5,P
Armcx3,P
Armcx4,P
Armcx5,P
Armcx6,P
Armh1,P
Armh2,P
Arntl2,M
Arpc5,M
Arr3,P
Arsi,M
Arsj,P
Art1,P
Art3,M&P
Art4,P
Artn,M&P
Arx,P
Arxes1,P
Arxes2,P
Asah1,M
Asap2,M
Asap3,P
Asb10,P
Asb11,P
Asb14,P
Asb15,P
Asb18,P
Asb2,P
Asb4,P
Asb5,P
Ascl1,M
Ascl2,P
Ascl3,P
Ascl4,P
Ascl5,P
Asf1b,M&P
Asgr1,P
Asgr2,P
Asic3,P
Asic4,P
Aspdh,M
Aspm,P
Aspn,P
Asprv1,M&P
Aste1,M
Astn2,P
Atad3aos,P
Atcayos,P
Atf3,P
Atf6,M
Atg2b,P
Atg3,M
Atg4a,P
Atg4c,M
Atg9b,M
Atoh7,P
Atoh8,P
Atp10b,P
Atp10d,M
Atp11c,P
Atp12a,P
Atp13a2,M
Atp1a2,M
Atp1a4,P
Atp23,M
Atp2a1,P
Atp2b3,P
Atp2c1,M
Atp4a,P
Atp5a1,M
Atp6ap1,P
Atp6ap1l,M&P
Atp6ap2,P
Atp6v0b,M
Atp6v0c-ps2,P
Atp6v0c,M
Atp6v1b1,P
Atp6v1c2,M&P
Atp6v1e2,P
Atp6v1fnb,P
Atp6v1g1,P
Atp7a,P
Atp8b1,P
Atp8b3,P
Atp8b4,P
Atp8b5,P
Atpsckmt,P
Atrx,P
Atxn7,P
Aunip,P
Aurka,M&P
Aurkaip1,M
Aurkb,P
Aurkc,P
Avil,M&P
Avl9,P
Avp,M&P
Avpr1a,P
Avpr1b,M&P
Awat2,P
Axdnd1,P
Azin2,M
B130006D01Rik,P
B130024G19Rik,P
B130034C11Rik,P
B230110C06Rik,P
B230110G15Rik,M&P
B230112J18Rik,P
B230119M05Rik,P
B230206H07Rik,P
B230208H11Rik,P
B230209E15Rik,M
B230216N24Rik,P
B230217O12Rik,P
B230311B06Rik,P
B230312C02Rik,P
B230319C09Rik,P
B230323A14Rik,P
B230344G16Rik,M&P
B330016D10Rik,M&P
B3galt4,M
B3galt6,M
B3gnt3,P
B3gnt4,M&P
B3gnt5,P
B3gnt6,P
B3gnt7,M&P
B3gnt8,P
B430010I23Rik,P
B430212C06Rik,P
B430319G15Rik,P
B4galnt1,M
B4galnt2,P
B4galnt3,P
B4galt3,M
B4galt4,P
B630019K06Rik,P
B930018H19Rik,M&P
B930025P03Rik,P
B930059L03Rik,P
BB031773,P
BB218582,M&P
BB557941,M&P
BC002059,P
BC003965,M
BC006965,P
BC016548,P
BC016579,P
BC021767,P
BC023719,M&P
BC024063,P
BC024139,M&P
BC025920,P
BC028528,P
BC029722,M
BC035044,P
BC037032,P
BC037704,P
BC039771,P
BC046251,P
BC048507,P
BC048644,P
BC049352,P
BC049715,M&P
BC049762,P
BC051019,P
BC051142,M&P
BC051537,P
BC052688,P
BC055324,P
BC055402,P
BC064078,P
BC065397,M&P
BC106179,P
BE949265,M&P
Baalc,M&P
Baat,P
Bace1,P
Bace2,P
Bach2os,P
Bag3,P
Bag6,M
Baiap2l1,P
Baiap2l2,M&P
Baiap3,M
Bak1,M
Bambi-ps1,P
Bank1,P
Bard1,P
Barhl1,P
Barhl2,P
Barx2,M&P
Batf2,P
Batf3,P
Batf,P
Baz1a,P
Bbc3,P
Bbox1,P
Bbs2,M&P
Bcam,P
Bcap31,P
Bcas1os2,P
Bcas3os1,P
Bche,M
Bcl11b,P
Bcl2a1b,P
Bcl2a1d,M&P
Bcl2l10,P
Bcl2l12,P
Bcl2l15,M&P
Bcl2l2,M
Bcl3,P
Bcl6b,P
Bcl9l,P
Bclaf3,P
Bco1,P
Bco2,P
Bcor,P
Bcorl1,P
Bdh2,P
Bdkrb1,P
Bdkrb2,P
Bean1,P
Bend5,P
Bend7,P
Best1,P
Bex1,P
Bex2,P
Bex3,P
Bex4,P
Bfsp1,P
Bfsp2,P
Bglap,P
Bgn,P
Bhlha15,P
Bhlhb9,P
Bhlhe23,P
Bhmg1,P
Bhmt2,P
Bhmt,P
Bicral,M
Bin3,P
Birc3,P
Birc5,P
Birc6,M&P
Birc7,P
Blnk,M
Bloc1s2,M
Bloc1s3,P
Bloc1s6os,P
Bmf,M&P
Bmp15,P
Bmp1,P
Bmp2,P
Bmp4,P
Bmp5,M&P
Bmp8a,P
Bmp8b,P
Bmx,P
Bnc2,P
Bnip5,M&P
Bnipl,P
Bola1,P
Boll,P
Borcs5,P
Bpifa1,P
Bpifa2,P
Bpifb1,P
Bpifb5,P
Bpifc,P
Bpnt1,P
Brca1,P
Brca2,P
Brcc3,P
Brd7,M
Brd8dc,P
Bri3,P
Bricd5,P
Brinp1,P
Brip1,P
Brix1,M
Brs3,P
Brwd3,P
Bspry,P
Bst1,P
Bsx,P
Btbd16,P
Btbd19,P
Btc,P
Btk,P
Btla,P
Btn1a1,P
Btn2a2,P
Btnl10,P
Btnl2,P
Btnl9,P
Bub1,P
Bub1b,P
Bvht,M&P
Bysl,M
C030005K06Rik,M&P
C030013C21Rik,P
C030013G03Rik,P
C030016D13Rik,P
C030023E24Rik,P
C030034I22Rik,M
C030034L19Rik,P
C030037D09Rik,M
C130021I20Rik,P
C130023O10Rik,P
C130026I21Rik,P
C130036L24Rik,M&P
C130046K22Rik,P
C130050O18Rik,P
C130060C02Rik,P
C130080G10Rik,M&P
C1galt1c1,P
C1ql4,P
C1qtnf12,M
C1qtnf2,M&P
C1qtnf3,P
C1qtnf6,M&P
C1qtnf7,P
C1qtnf9,P
C1ra,P
C1rb,P
C1rl,P
C1s1,P
C1s2,P
C230014O12Rik,M&P
C230035I16Rik,P
C230072F16Rik,P
C2,P
C2cd4a,P
C2cd4b,P
C2cd4d,P
C330007P06Rik,P
C330008A17Rik,P
C330013E15Rik,P
C330018A13Rik,P
C330020E22Rik,P
C330022C24Rik,P
C330024D21Rik,P
C330026H20Rik,P
C3,P
C3ar1,P
C430002N11Rik,P
C430042M11Rik,P
C430049B03Rik,P
C4a,M&P
C4bp-ps1,P
C4bp,P
C530005A16Rik,P
C530044C16Rik,M&P
C5ar1,P
C5ar2,P
C630004L07Rik,P
C630028M04Rik,P
C630031E19Rik,M&P
C630043F03Rik,M
C730002L08Rik,P
C7,M&P
C8b,P
C8g,M&P
C920006O11Rik,M&P
C920009B18Rik,P
C920021L13Rik,P
C9orf72,M
CK137956,P
Cables1,P
Cabp4,P
Cabp5,P
Cabyr,P
Cacna1a,M
Cacna1f,P
Cacna1h,M
Cacna1s,P
Cacna2d2,M
Cacna2d4,P
Cacng1,P
Cacng5,M
Cacng6,M&P
Cadm1,M
Cadm3,M
Calb2,P
Calca,P
Calcb,P
Calcoco2,P
Calcr,P
Calcrl,M
Calhm6,P
Calr3,P
Calr4,P
Calr,M
Camk2d,M
Camsap3,P
Capg,P
Capn11,P
Capn12,P
Capn15,M
Capn6,P
Capn8,P
Capn9,P
Caps2,P
Capsl,P
Capzb,P
Car13,P
Car15,P
Car3,M&P
Car5a,M&P
Car5b,P
Car9,M&P
Card10,M
Card11,P
Card14,P
Card9,M&P
Carlr,P
Carmil2,M&P
Carmn,M&P
Cars2,M
Cartpt,P
Casc1,P
Cask,P
Caskin1,M
Casp12,M&P
Casp1,P
Casp4,P
Casp8,P
Casq1,P
Casq2,M&P
Casr,P
Cass4,P
Casz1,P
Catip,P
Catsper3,M&P
Catsperd,P
Catspere1,M
Catsperg1,M&P
Catsperg2,P
Cav3,M&P
Cavin4,P
Cbfb,P
Cblc,P
Cbln1,P
Cbln3,P
Cbr2,P
Cbr4,M
Cbx2,P
Cbx3,P
Cbx7,M
Cby3,P
Cc2d1a,M
Cc2d2b,M&P
Ccdc102a,P
Ccdc103,P
Ccdc105,M&P
Ccdc106,M
Ccdc110,P
Ccdc113,P
Ccdc114,P
Ccdc116,P
Ccdc120,P
Ccdc121,P
Ccdc122,M&P
Ccdc125,P
Ccdc130,M
Ccdc146,P
Ccdc150,P
Ccdc152,P
Ccdc153,P
Ccdc154,P
Ccdc158,M&P
Ccdc15,P
Ccdc160,P
Ccdc162,P
Ccdc163,M&P
Ccdc169,P
Ccdc170,P
Ccdc171,P
Ccdc172,P
Ccdc173,P
Ccdc175,P
Ccdc178,P
Ccdc180,P
Ccdc184,M
Ccdc185,P
Ccdc187,P
Ccdc188,P
Ccdc18,P
Ccdc190,M
Ccdc192,P
Ccdc194,P
Ccdc22,P
Ccdc24,P
Ccdc33,M&P
Ccdc38,P
Ccdc40,P
Ccdc42,M&P
Ccdc54,P
Ccdc60,P
Ccdc61,M&P
Ccdc62,P
Ccdc63,P
Ccdc68,P
Ccdc69,P
Ccdc71,M
Ccdc73,P
Ccdc78,P
Ccdc80,M
Ccdc81,P
Ccdc88a,M
Ccdc89,P
Ccdc8,M&P
Ccdc96,P
Ccdc9,P
Ccer2,P
Cchcr1,M
Cckar,P
Ccl11,P
Ccl12,P
Ccl21b,M
Ccl22,P
Ccl24,P
Ccl27a,M
Ccl3,P
Ccl6,M&P
Ccl9,M
Ccm2l,P
Ccn3,M
Ccn4,M&P
Ccn5,P
Ccn6,P
Ccna1,M&P
Ccna2,M&P
Ccnb1,P
Ccnb1ip1,P
Ccnb2,P
Ccnb3,P
Ccnd1,M
Ccnd3,M
Ccne1,M
Ccnf,M
Ccnl2,M
Ccno,P
Ccp110,P
Ccr10,P
Ccr1,P
Ccr2,P
Ccr3,P
Ccr5,M&P
Ccr6,P
Ccr7,P
Ccr9,P
Ccrl2,P
Ccser2,M
Cct6b,P
Cct8l1,P
Cd101,P
Cd109,P
Cd14,M
Cd163,P
Cd163l1,P
Cd164l2,M&P
Cd180,P
Cd1d1,P
Cd200,M
Cd200r1,P
Cd200r2,P
Cd209a,P
Cd209b,P
Cd209f,P
Cd209g,P
Cd226,P
Cd22,P
Cd247,P
Cd248,M
Cd274,M&P
Cd27,P
Cd28,P
Cd2,P
Cd300a,P
Cd300e,M&P
Cd300ld,P
Cd300lf,M&P
Cd300lg,P
Cd320,M
Cd33,P
Cd36,M&P
Cd37,P
Cd40,P
Cd44,M
Cd48,M&P
Cd4,P
Cd52,P
Cd55b,P
Cd59b,M&P
Cd6,P
Cd70,P
Cd72,P
Cd74,P
Cd79a,P
Cd79b,P
Cd80,P
Cd84,M&P
Cd86,P
Cd96,P
Cd99l2,P
Cda,P
Cdc20,P
Cdc20b,P
Cdc25c,P
Cdc26,P
Cdc42,P
Cdc42ep3,M
Cdc42ep5,M&P
Cdc45,P
Cdc5l,M
Cdc6,P
Cdca2,P
Cdca3,P
Cdca5,P
Cdca7,P
Cdca7l,M&P
Cdca8,P
Cdcp1,P
Cdcp3,P
Cdh12,M
Cdh13,M
Cdh15,M&P
Cdh17,P
Cdh1,P
Cdh22,M
Cdh23,M&P
Cdh26,P
Cdh8,M&P
Cdhr1,P
Cdhr2,P
Cdhr4,P
Cdiptos,P
Cdk15,P
Cdk16,P
Cdk17,M
Cdk1,P
Cdk2,P
Cdk3,P
Cdk5,M
Cdk5rap1,M
Cdk5rap2,P
Cdkl5,P
Cdkn1c,P
Cdkn2b,P
Cdkn2c,P
Cdkn2d,P
Cdkn3,P
Cdnf,M
Cdr1,P
Cdr1os,P
Cdrt4,P
Cdsn,M&P
Cdt1,P
Cdx4,P
Ceacam18,P
Ceacam1,M&P
Ceacam2,M&P
Ceacam3,P
Cebpg,M
Cel,P
Cela1,M
Celrr,P
Cenpa,P
Cenpe,P
Cenpf,P
Cenph,P
Cenpi,P
Cenpj,P
Cenpk,M&P
Cenpl,M&P
Cenpn,P
Cenpp,P
Cenpq,M
Cenps,M&P
Cenpu,M&P
Cenpw,P
Cep162,M
Cep164,P
Cep250,M
Cep295nl,P
Cep55,P
Cep63,M
Cep72,P
Cer1,P
Cerkl,P
Cers3,P
Ces1d,P
Ces5a,M&P
Cetn2,P
Cfap126,M&P
Cfap157,P
Cfap161,M&P
Cfap206,M&P
Cfap20,P
Cfap20dc,M&P
Cfap221,P
Cfap298,M
Cfap299,P
Cfap43,P
Cfap45,M
Cfap46,M&P
Cfap47,P
Cfap52,P
Cfap53,P
Cfap54,M
Cfap57,P
Cfap58,P
Cfap61,P
Cfap65,P
Cfap70,M&P
Cfap73,P
Cfap77,M&P
Cfap97d2,P
Cfap99,P
Cfb,P
Cfp,P
Cftr,P
Cga,P
Cgas,M&P
Cgn,P
Ch25h,P
Chad,P
Chaf1a,P
Chaf1b,P
Chat,P
Chd9,M
Chek1,M&P
Chek2,M&P
Chia1,P
Chic1,P
Chil5,P
Chm,P
Chmp4c,P
Chmp7,P
Chn1os3,P
Chodl,P
Chp2,P
Chpf2,M
Chrdl1,P
Chrdl2,P
Chrm3,M
Chrna10,P
Chrna1,P
Chrna1os,P
Chrna2,M&P
Chrna3,P
Chrna5,M&P
Chrna6,P
Chrnb1,P
Chrnb3,P
Chrnb4,M&P
Chrne,P
Chst14,P
Chst3,P
Chst4,P
Chst7,M&P
Chst8,M
Chsy3,M&P
Chtf18,P
Churc1,M
Cib1,M&P
Cibar2,P
Cideb,P
Cidec,P
Ciita,P
Cilp2,P
Cilp,P
Cip2a,P
Cisd2,M
Cisd3,P
Cish,M&P
Cited1,P
Ckap2,P
Ckap2l,P
Ckmt2,P
Cks1b,P
Cks2,P
Clca1,P
Clca3a1,P
Clca3a2,P
Clcf1,P
Clcn1,P
Clcn5,P
Clcn6,M
Clcn7,M
Clcnka,M&P
Clcnkb,P
Cldn10,M
Cldn14,P
Cldn15,P
Cldn19,P
Cldn1,P
Cldn20,P
Cldn22,P
Cldn23,P
Cldn24,P
Cldn2,P
Cldn34c1,P
Cldn3,P
Cldn6,P
Cldn9,P
Cldnd2,P
Clec10a,P
Clec12a,P
Clec12b,P
Clec14a,M
Clec18a,P
Clec1a,M
Clec1b,P
Clec2d,P
Clec2g,P
Clec3b,P
Clec4a1,P
Clec4a2,P
Clec4a3,P
Clec5a,P
Clec7a,P
Clec9a,P
Clgn,M
Clhc1,P
Clic3,P
Clmn,P
Clnk,P
Clrn1,P
Clrn2,P
Clspn,P
Cltrn,P
Cluap1,M
Cmah,P
Cmbl,P
Cmc2,P
Cmc4,P
Cmpk2,M
Cmss1,M
Cmtm3,P
Cmtm4,P
Cmtm7,M&P
Cmtm8,M&P
Cnbd2,M
Cndp1,P
Cnga2,P
Cnga3,P
Cnga4,P
Cngb1,P
Cngb3,P
Cnksr1,P
Cnksr2,P
Cnmd,P
Cnn1,P
Cnot1,P
Cnot7,M
Cnpy1,P
Cnr2,P
Cntd1,M&P
Cntln,P
Cntn3,M
Cntn4,M
Coa3,M
Coa4,M
Coa8,P
Coch,P
Cog8,P
Coil,M
Col10a1,P
Col11a2,M
Col13a1,P
Col14a1,P
Col17a1,P
Col18a1,P
Col1a1,P
Col20a1,M
Col22a1,P
Col24a1,P
Col26a1,P
Col27a1,P
Col28a1,P
Col2a1,P
Col3a1,P
Col4a3,P
Col4a4,P
Col4a5,P
Col4a6,P
Col5a2,M
Col5a3,P
Col6a2,P
Col6a3,P
Col6a4,M&P
Col6a5,P
Col6a6,P
Col7a1,P
Col8a1,P
Col9a1,P
Col9a2,P
Colca2,P
Colec11,M&P
Colec12,M
Colgalt2,M
Colq,P
Commd1,P
Comp,P
Copa,M
Cops9,P
Coq7,P
Coq9,P
Corin,M&P
Coro2b,M
Cort,M
Cox14,P
Cox4i2,P
Cox6a1,M&P
Cox6a2,P
Cox6b1,P
Cox7a1,P
Cox7b2,P
Cox7b,P
Cox8b,P
Cp,M
Cpa2,P
Cpa3,P
Cpa4,P
Cpa5,P
Cpa6,P
Cpb1,P
Cpb2,P
Cplane2,M&P
Cplx3,P
Cpn1,P
Cpne1,M
Cpne2,M
Cpne4,M
Cpne9,M
Cpq,P
Cps1,P
Cpsf3,M
Cpsf4l,P
Cpt1b,P
Cpt1c,M
Cptp,M
Cpvl,P
Cpz,M&P
Cr2,P
Crabp1,P
Crabp2,M&P
Cracr2a,P
Cracr2b,P
Cramp1l,M
Crb1,P
Crb3,M&P
Crbn,M
Creb3,M
Creb3l1,P
Creb3l3,P
Creb3l4,P
Crh,M&P
Crhbp,M
Crhr2,M
Crip1,M&P
Crip3,M&P
Crispld2,P
Crlf1,M
Crlf2,M
Crnde,M&P
Crocc2,P
Crtam,P
Cryaa,P
Cryab,P
Cryba1,P
Cryba2,P
Cryba4,P
Crybb1,P
Crybb3,P
Crybg1,P
Crybg2,P
Cryga,P
Crygn,M&P
Crygs,P
Cryzl2,P
Csf2rb2,P
Csf2rb,M&P
Csn1s2b,P
Csnka2ip,P
Csrp1,M
Cst3,M
Cst6,P
Cst7,P
Cstf2,P
Cstl1,P
Ct55,P
Ctcf,M&P
Ctdp1,M
Ctf1,P
Cthrc1,P
Ctla2a,M
Ctla2b,P
Ctnna3,M&P
Ctnnal1,P
Ctps2,P
Ctse,P
Ctsk,P
Ctsl,M
Ctsw,P
Ctxn3,P
Cubn,P
Cuedc1,M
Cul4b,P
Cutal,P
Cwh43,P
Cx3cl1,M&P
Cx3cr1,M
Cxcl10,P
Cxcl11,P
Cxcl13,P
Cxcl16,P
Cxcl1,P
Cxcl5,P
Cxcr4,M
Cyb561d2,M
Cyb5b,M
Cyb5r2,M&P
Cybb,P
Cybc1,M
Cybrd1,M
Cyc1,P
Cyld,M
Cym,P
Cyp11b1,P
Cyp19a1,P
Cyp1a1,P
Cyp1b1,P
Cyp21a1,P
Cyp24a1,P
Cyp26a1,P
Cyp26b1,P
Cyp26c1,P
Cyp27a1,P
Cyp27b1,P
Cyp2ab1,P
Cyp2c23,P
Cyp2d13,P
Cyp2d26,P
Cyp2d9,P
Cyp2e1,P
Cyp2f2,P
Cyp2j12,M
Cyp2j13,P
Cyp2j8,P
Cyp2r1,P
Cyp2s1,P
Cyp39a1,P
Cyp3a13,P
Cyp3a57,P
Cyp4a12b,P
Cyp4b1,P
Cyp4f13,M
Cyp4f41-ps,P
Cyp4x1os,P
Cys1,M
Cysltr1,M&P
Cysltr2,P
Cyth2,P
Cytip,P
Cytl1,P
D030028A08Rik,P
D030040B21Rik,P
D030045P18Rik,P
D030068K23Rik,P
D17H6S56E-5,P
D1Pas1,P
D230017M19Rik,P
D330023K18Rik,M
D330025C20Rik,P
D330041H03Rik,M&P
D330050G23Rik,M&P
D430019H16Rik,P
D430020J02Rik,M
D430036J16Rik,M&P
D530033B14Rik,P
D5Ertd605e,P
D5Ertd615e,P
D630013N20Rik,P
D630024D03Rik,P
D630029K05Rik,P
D630033O11Rik,M&P
D630039A03Rik,P
D630044L22Rik,P
D6Ertd527e,P
D730003I15Rik,P
D730005E14Rik,P
D730045A05Rik,P
D830030K20Rik,P
D830035M03Rik,P
D830039M14Rik,P
D830050J10Rik,P
D8Ertd738e,M
D930007P13Rik,P
D930015M05Rik,P
D930020B18Rik,P
D930048N14Rik,M&P
DQ267100,M&P
Dach1,P
Dach2,P
Dact3,M
Dalir,P
Dancr,P
Dand5,M
Dao,P
Dap,P
Dapk2,P
Dapl1,P
Daw1,P
Daxx,M
Dazl,P
Dbf4,M&P
Dbh,P
Dbhos,P
Dbi,M
Dbil5,P
Dbx1,P
Dcaf12l1,P
Dcaf12l2,P
Dcaf15,M
Dcaf17,M
Dcaf1,M
Dcaf8,M
Dcdc2b,M
Dcdc2c,P
Dcdc5,P
Dchs2,M
Dcst1,P
Dcst2,P
Dcstamp,P
Dct,P
Dctd,M
Dctn6,M
Dcx,P
Ddc,M&P
Ddias,P
Ddo,M
Ddost,M&P
Ddr2,M
Ddx11,P
Ddx19a,P
Ddx19b,P
Ddx39a,M
Ddx3x,P
Ddx3y,P
Ddx43,P
Ddx4,P
Ddx60,P
Dedd2,P
Dedd,M
Def6,P
Defb10,P
Defb11,M&P
Defb1,P
Defb9,P
Dennd1c,P
Dennd2c,P
Dennd2d,P
Dennd3,P
Dennd4c,P
Dennd6b,M
Depdc1a,P
Depdc1b,P
Depdc7,P
Depp1,M&P
Derl3,P
Des,M&P
Deup1,P
Dffa,M
Dgat2l6,P
Dgke,M
Dgkeos,P
Dgkk,P
Dhh,P
Dhps,M
Dhrs13os,P
Dhrs2,P
Dhrs3,M
Dhrs4,M
Dhrs7,M
Dhrs7c,M&P
Dhrs9,P
Dhx34,M
Dhx58,P
Diaph2,P
Diaph3,P
Dicer1,P
Dio3,P
Dio3os,P
Dip2c,M
Dipk2b,P
Dis3,P
Disc1,M&P
Dkc1,P
Dkk2,P
Dkkl1,P
Dlc1,M
Dlg3,P
Dlgap5,P
Dlk1,M&P
Dll3,P
Dll4,P
Dlx1,M
Dlx1as,M
Dlx2,M
Dlx3,P
Dlx4,P
Dlx4os,P
Dlx5,M&P
Dlx6,P
Dlx6os2,P
Dmac1,P
Dmbt1,P
Dmbx1,P
Dmc1,P
Dmd,P
Dmgdh,M&P
Dmkn,P
Dmp1,M
Dmpk,M
Dmrt2,M&P
Dmrt3,P
Dmrta1,P
Dmrta2,P
Dmrtb1,P
Dmrtc1a,P
Dmwd,M&P
Dna2,P
Dnaaf3,P
Dnaaf6b,P
Dnah10,M&P
Dnah11,P
Dnah12,P
Dnah14,P
Dnah17,P
Dnah2,P
Dnah3,P
Dnah7a,M&P
Dnah7b,M&P
Dnah7c,P
Dnah8,M&P
Dnaic2,P
Dnaja2,M
Dnajb13,M&P
Dnajb3,P
Dnajb5,M
Dnajc15,P
Dnajc22,P
Dnajc25,P
Dnajc3,M
Dnajc5b,P
Dnajc9,P
Dnase1,P
Dnase1l1,P
Dnase1l2,M&P
Dnase1l3,P
Dnase2a,P
Dnd1,P
Dnm3os,P
Dnmt3b,P
Dnmt3l,M&P
Dnph1,M
Dntt,P
Dnttip2,M
Doc2g,P
Dock11,P
Dock2,M
Dock3,M
Dok2,P
Dpagt1,P
Dpep1,P
Dpm3,P
Dpp4,P
Dppa2,P
Dppa5a,P
Dpt,P
Dpy19l2,P
Dpy30,P
Dpys,P
Dqx1,P
Dram1,P
Draxin,P
Drd2,P
Drd3,P
Drp2,P
Dsc1,P
Dsc2,P
Dsc3,P
Dscc1,P
Dsg1a,P
Dsg1c,P
Dsg2,M&P
Dsp,P
Dspp,P
Dstn,P
Dtd1,M
Dtd2,P
Dthd1,P
Dtl,P
Dtx2,M
Duox1,P
Duox2,P
Dupd1,P
Dusp12,M
Dusp13,P
Dusp14,M&P
Dusp23,M
Dusp27,P
Dusp2,P
Dusp4,M
Dusp7,M
Dusp9,P
Dvl1,M
Dxo,P
Dydc2,M&P
Dynap,P
Dync1i2,M
Dynll2,M
Dynlrb1,M
Dynlt1a,M&P
Dynlt1b,P
Dynlt1f,M&P
Dynlt3,M
Dyrk4,P
Dytn,P
Dzank1,P
E030013I19Rik,P
E030018B13Rik,P
E030024N20Rik,P
E130006D01Rik,M&P
E130008D07Rik,M&P
E130018N17Rik,P
E130112N10Rik,P
E130114P18Rik,P
E130119H09Rik,P
E130201H02Rik,P
E130215H24Rik,M&P
E130218I03Rik,P
E130304I02Rik,P
E130308A19Rik,P
E130310I04Rik,P
E230013L22Rik,P
E230016K23Rik,P
E230016M11Rik,P
E230025N22Rik,P
E230029C05Rik,M
E2f2,P
E2f6,M
E2f7,P
E2f8,P
E330011O21Rik,P
E330013P04Rik,P
E330034G19Rik,P
E430016F16Rik,P
E4f1,M
E530001F21Rik,P
Eaf2,P
Ebf2,P
Ebf3,P
Ebi3,P
Ebp,P
Ecel1,P
Echdc3,P
Eci1,M
Eci3,M&P
Ecpas,P
Ecrg4,P
Ecscr,P
Ecsit,M
Ect2,P
Ect2l,P
Eda2r,P
Eda,P
Edar,P
Edaradd,P
Edem2,M
Edem3,M
Edn1,P
Eef1akmt3,P
Eef1akmt4,P
Efcab10,P
Efcab11,P
Efcab12,P
Efcab15,M&P
Efcab3,P
Efcab5,P
Efcab6,P
Efcab7,M&P
Efcab8,M&P
Efcab9,P
Efhb,P
Efhc1,P
Efhc2,P
Efna4,P
Efnb1,P
Egf,M&P
Egfl6,P
Egfl8,M&P
Egr2,P
Ehd1,M
Ehd3,P
Ehf,P
Eid3,P
Eif1ax,P
Eif2s2,M
Eif2s3x,P
Eif3e,P
Eif3m,M
Eif4a3l1,P
Eif4ebp3,M
Eif4g3,M
Eif5a,M&P
Eif6,M
Eipr1,M
Elac1,M
Eldr,P
Elf3,P
Elf4,P
Elf5,M&P
Elk1,P
Elk3,M
Ell3,P
Elmod2,M
Elob,M
Elovl1,M
Elovl4,M
Elp1,P
Emd,P
Eme1,P
Eme2,M
Emilin1,P
Emilin2,P
Emilin3,P
Eml6,M
Emp1,M&P
Emp3,P
En1,P
En2,P
Endou,P
Eno1b,P
Eno3,P
Enox2,P
Enpep,P
Enpp1,M
Enpp3,P
Entpd3,M
Entpd4,P
Eola1,P
Eomes,P
Epb41l1,M
Epb41l4b,P
Epcam,P
Epdr1,M
Epg5,M
Epgn,P
Epha1,P
Epha2,P
Ephb2,P
Ephx3,P
Epn3,M&P
Epor,P
Eppk1,M&P
Eprn,P
Eprs,P
Eps8l1,M&P
Eps8l3,P
Epsti1,P
Epx,P
Epyc,P
Eqtn,P
Ercc1,P
Ercc6l,P
Erf,P
Erfe,P
Ergic3,M
Eri1,M
Erich2,M&P
Erich4,P
Erich5,M&P
Ermap,P
Ern2,P
Erp27,P
Erv3,P
Esco2,P
Esm1,P
Espl1,M&P
Espn,P
Espnl,P
Esr2,P
Esrp1,P
Esyt2,M
Esyt3,P
Etaa1os,M&P
Ethe1,M
Etnk2,M&P
Etnppl,M
Etohd2,P
Etv3,M
Etv3l,P
Etv6,P
Eva1b,M&P
Eva1c,M&P
Evi5l,P
Evpl,P
Evx1,P
Evx1os,P
Exd1,P
Exo1,P
Exoc3l2,P
Exoc3l4,M&P
Exosc10,M
Eya2,M&P
Ezhip,P
Ezr,M
F11,P
F11r,M
F12,P
F13a1,P
F2,P
F2r,M
F2rl1,P
F2rl2,P
F2rl3,P
F420014N23Rik,M&P
F5,P
F630028O10Rik,P
F630040K05Rik,P
F630042J09Rik,M&P
F730035M05Rik,P
F7,P
F830010H11Rik,P
F830045P16Rik,P
F830208F22Rik,P
F8,P
F8a,P
F930015N05Rik,P
F9,P
Fads2,M
Fads2b,M&P
Fads3,M
Fahd1,P
Fam110c,P
Fam111a,P
Fam120c,P
Fam124b,P
Fam126a,M
Fam131c,M&P
Fam151a,P
Fam166a,P
Fam166b,M&P
Fam166c,P
Fam167b,P
Fam169b,P
Fam174c,P
Fam178b,P
Fam180a,M&P
Fam181a,P
Fam186b,P
Fam187a,P
Fam187b,P
Fam199x,P
Fam210b,M
Fam216b,P
Fam217a,M&P
Fam219aos,P
Fam221a,P
Fam221b,P
Fam227b,P
Fam228a,P
Fam229a,P
Fam24b,P
Fam3a,P
Fam47e,M&P
Fam50a,P
Fam71d,P
Fam71e1,M
Fam71f2,P
Fam72a,M
Fam78a,P
Fam81b,P
Fam83b,P
Fam83d,M&P
Fam83e,P
Fam83f,P
Fam83g,P
Fam89a,P
Fam90a1b,P
Fanca,P
Fancb,P
Fancd2,P
Fancd2os,P
Fancg,P
Fanci,M&P
Fank1,P
Fap,P
Farsa,M
Fas,P
Fasl,P
Fastk,M
Fat2,P
Fblim1,P
Fbln7,P
Fbp1,P
Fbxl12os,P
Fbxl13,P
Fbxl22,P
Fbxo15,P
Fbxo17,P
Fbxo24,P
Fbxo2,M
Fbxo36,P
Fbxo40,P
Fbxo43,P
Fbxo46,M
Fbxo47,P
Fbxo48,P
Fbxo5,P
Fbxo6,M
Fbxw10,M&P
Fbxw11,M
Fbxw9,M
Fcer1g,M
Fcgr1,M
Fcgr2b,M
Fcgr3,M
Fcgr4,P
Fcmr,P
Fcna,P
Fcnb,P
Fcor,P
Fcrl1,P
Fcrl6,P
Fcrlb,M&P
Fcrls,M
Fdx1,M
Fdxacb1,P
Fdxr,M
Fem1al,P
Fendrr,P
Fer1l5,P
Fer1l6,P
Ferd3l,P
Fermt1,P
Fetub,P
Fezf1,P
Fezf2,M
Ffar4,P
Fgb,P
Fgd1,P
Fgd2,M&P
Fgd6,M
Fgf13,P
Fgf16,P
Fgf17,P
Fgf18,M&P
Fgf22,P
Fgf23,P
Fgf7,P
Fgfbp1,P
Fgfbp3,P
Fgfr4,P
Fgg,P
Fgl1,P
Fgl2,M&P
Fgr,P
Fhit,M&P
Fhl1,P
Fhl3,P
Fhl4,M&P
Fhl5,P
Fign,M&P
Fignl1,P
Fignl2,P
Filip1l,P
Firre,P
Fkbp11,M&P
Fkbp15,P
Fkbp6,P
Fkbp7,P
Fkbp9,M
Fkbpl,M
Flacc1,P
Flicr,P
Flna,P
Flnc,P
Flt3l,P
Flywch1,M
Flywch2,M
Fmn2,M
Fmo2,M&P
Fmo4,P
Fmr1,P
Fmr1nb,P
Fmr1os,P
Fndc11,P
Fndc3a,P
Fndc7,P
Fndc9,P
Focad,P
Folr1,P
Folr2,P
Fosb,P
Fosl1,P
Foxb1,P
Foxb2,P
Foxc2,P
Foxd1,P
Foxd2,P
Foxd2os,P
Foxd4,P
Foxe1,P
Foxf1,P
Foxi1,P
Foxi2,P
Foxl2,P
Foxl2os,P
Foxm1,M&P
Foxn1,P
Foxn2,M
Foxo4,P
Foxo6os,P
Foxp2,P
Foxp3,P
Foxp4,M
Foxr2,P
Foxs1,P
Fpr2,P
Frem1,P
Frem3,P
Frg1,M
Frk,P
Frmd3,P
Frmd7,P
Frmpd1os,P
Frmpd3,P
Frmpd4,P
Frrs1,M&P
Frrs1l,P
Frs3,M
Frs3os,P
Fsbp,P
Fscn2,P
Fsd2,P
Fsip1,P
Fst,P
Fstl3,P
Fto,M
Ftsj1,P
Ftx,P
Fuca1,M&P
Fundc1,P
Fundc2,P
Furin,M
Fut2,P
Fut4,P
Fut7,P
Fv1,M
Fxn,M
Fxyd1,P
Fxyd2,P
Fxyd3,M&P
Fxyd5,M
Fxyd6,P
Fxyd7,M&P
Fyb,P
Fzd10,P
Fzd10os,M&P
Fzd5,P
G430095P16Rik,P
G530011O06Rik,M&P
G630016G05Rik,P
G630025P09Rik,M&P
G630093K05Rik,P
G6pc,P
G6pdx,P
G730013B05Rik,P
Gab3,P
Gabarap,P
Gabarapl2,P
Gabra3,P
Gabra6,P
Gabre,P
Gabrp,P
Gabrq,P
Gabrr1,P
Gabrr2,P
Gabrr3,P
Gad1os,P
Gadd45gip1,M
Gadl1,P
Gal3st2b,M&P
Gal3st2c,P
Gal,P
Galc,M
Gale,P
Galnt12,P
Galnt15,M&P
Galnt5,P
Galntl5,P
Galr1,M&P
Galr2,P
Galr3,P
Galt,M
Gapdhs,P
Gapt,P
Gar1,P
Gas2l2,P
Gas2l3,P
Gas5,M
Gata2,P
Gata3,P
Gata6,P
Gba2,M
Gbgt1,P
Gbp10,M&P
Gbp11,P
Gbp2,P
Gbp2b,P
Gbp3,M&P
Gbp4,M&P
Gbp5,P
Gbp6,M&P
Gbp7,P
Gbp8,P
Gbp9,M&P
Gbx1,P
Gbx2,P
Gca,M
Gcdh,M
Gcgr,P
Gch1,P
Gchfr,P
Gck,M&P
Gckr,P
Gcnt1,M&P
Gcsh,P
Gdap10,P
Gdf10,M
Gdf15,P
Gdf5,P
Gdf6,P
Gdf7,P
Gdf9,M&P
Gdi1,P
Gdnf,P
Gdpd2,P
Gdpd3,P
Gdpgp1,M
Gem,P
Gemin7,P
Gemin8,P
Gen1,P
Get3,M
Gfer,M
Gfod2,P
Gfra2,M&P
Gfral,P
Gfy,P
Ggh,M
Ggn,P
Ggnbp1,M&P
Ggt1,P
Ggt6,P
Ggt7,M
Gh,P
Ghrh,P
Ghrhr,P
Gimap1,P
Gimap3,P
Gimap4,P
Gimap5,P
Gimap6,M
Gimap7,P
Gimap8,P
Gimap9,P
Gins1,P
Gins2,P
Gins3,P
Gipc1,M
Gipc2,P
Gipc3,P
Gipr,P
Gja3,P
Gja5,P
Gja6,P
Gjb1,M&P
Gjb3,P
Gjb4,P
Gjc1,M
Gjd3,P
Gk5,P
Gk,P
Gkap1,P
Gkn1,P
Gla,P
Glb1l2,P
Glb1l3,P
Glcci1,M
Gli1,M&P
Glipr1,P
Glipr1l1,P
Glipr1l3,P
Glipr2,P
Glis1,P
Glod4,M
Glod5,P
Glp1r,M&P
Glp2r,P
Glra1,P
Glra2,M&P
Glra3,P
Glra4,P
Glrp1,P
Glrx5,P
Glt28d2,P
Glt8d2,M
Gltpd2,P
Glyat,P
Glycam1,P
Glyctk,M
Gm10007,P
Gm10030,P
Gm10037,M&P
Gm10046,M&P
Gm10052,P
Gm10069,P
Gm10130,M
Gm10190,M&P
Gm10220,P
Gm10244,P
Gm10248,P
Gm10336,M
Gm10364,P
Gm10373,P
Gm10390,P
Gm10406,P
Gm10421,P
Gm10432,M
Gm10433,P
Gm10440,P
Gm10451,P
Gm10494,P
Gm10499,M&P
Gm10532,P
Gm10536,P
Gm10548,P
Gm10549,P
Gm10575,P
Gm10584,P
Gm10634,P
Gm10635,P
Gm10638,P
Gm10639,P
Gm10640,P
Gm10644,M&P
Gm10653,P
Gm10654,P
Gm10658,P
Gm10677,P
Gm10687,P
Gm1070,P
Gm10710,P
Gm10714,P
Gm10767,M&P
Gm10768,P
Gm10778,P
Gm10785,P
Gm10789,P
Gm10790,P
Gm10814,P
Gm10858,P
Gm10863,P
Gm10865,P
Gm10941,P
Gm1110,P
Gm11110,P
Gm11127,P
Gm11149,P
Gm11190,P
Gm11201,P
Gm11210,P
Gm1123,P
Gm11266,P
Gm11335,P
Gm11346,P
Gm11413,P
Gm1141,P
Gm11423,P
Gm11454,P
Gm11468,P
Gm11478,M&P
Gm11517,P
Gm11520,P
Gm11532,P
Gm11541,P
Gm11627,P
Gm11650,M&P
Gm11651,P
Gm11681,P
Gm11694,P
Gm11696,M&P
Gm11716,P
Gm11728,M&P
Gm11732,P
Gm11733,P
Gm11734,P
Gm11747,P
Gm11762,P
Gm11827,P
Gm11837,P
Gm11963,P
Gm11967,P
Gm11992,P
Gm12070,P
Gm12111,P
Gm12130,P
Gm12185,P
Gm12191,P
Gm12248,P
Gm12250,P
Gm12290,P
Gm12296,M&P
Gm12326,P
Gm12338,P
Gm12339,P
Gm12348,P
Gm12359,P
Gm12371,P
Gm12374,P
Gm12408,P
Gm12500,P
Gm12522,P
Gm12530,P
Gm12532,P
Gm12592,P
Gm12610,P
Gm12669,P
Gm12695,P
Gm12708,P
Gm12709,P
Gm12758,M&P
Gm12764,P
Gm12784,P
Gm12841,P
Gm12866,P
Gm12867,P
Gm128,P
Gm12915,P
Gm12925,P
Gm12974,P
Gm12992,P
Gm13031,M&P
Gm13112,M&P
Gm13133,P
Gm13199,P
Gm13205,M
Gm13212,P
Gm13266,P
Gm13293,M
Gm13315,P
Gm13351,P
Gm13363,M
Gm13387,P
Gm13403,P
Gm13420,M&P
Gm13421,P
Gm13427,P
Gm13470,P
Gm13481,P
Gm13483,P
Gm13522,P
Gm13570,P
Gm13572,P
Gm136,P
Gm13749,P
Gm13830,M&P
Gm13848,P
Gm13853,P
Gm13861,P
Gm13872,P
Gm13986,P
Gm14015,P
Gm14023,P
Gm14057,P
Gm14124,P
Gm14133,P
Gm14137,P
Gm14139,P
Gm14164,P
Gm14167,P
Gm14204,P
Gm14267,M&P
Gm14295,M&P
Gm14305,P
Gm14317,M&P
Gm14321,P
Gm14322,P
Gm14325,P
Gm14326,P
Gm14327,P
Gm14372,P
Gm14379,P
Gm14393,P
Gm14403,P
Gm14405,P
Gm14410,P
Gm14440,P
Gm14444,P
Gm14486,P
Gm14541,P
Gm14569,P
Gm14634,M&P
Gm14636,P
Gm14637,P
Gm14762,P
Gm14827,P
Gm14853,P
Gm14858,P
Gm14963,P
Gm14966,P
Gm15083,P
Gm15104,P
Gm15201,P
Gm15222,P
Gm15232,P
Gm15246,P
Gm15270,P
Gm15319,P
Gm15326,P
Gm15328,P
Gm15348,P
Gm15350,P
Gm15408,P
Gm15417,P
Gm15421,P
Gm15441,P
Gm15446,M
Gm15455,P
Gm15473,P
Gm15501,P
Gm15509,P
Gm15510,P
Gm15517,P
Gm15523,P
Gm15545,P
Gm15569,P
Gm15612,P
Gm15627,P
Gm15631,M
Gm15694,P
Gm15708,P
Gm15723,P
Gm15737,P
Gm15760,P
Gm15772,P
Gm15787,P
Gm15798,P
Gm15816,P
Gm15825,P
Gm15850,P
Gm15860,P
Gm15867,M&P
Gm15881,P
Gm15908,P
Gm15910,P
Gm15918,P
Gm15939,P
Gm15941,P
Gm15972,P
Gm15997,P
Gm16008,P
Gm1600,P
Gm16023,P
Gm1604b,M&P
Gm16062,P
Gm16070,P
Gm16090,P
Gm16104,P
Gm16108,P
Gm16124,P
Gm16159,P
Gm16169,P
Gm16214,P
Gm16223,P
Gm16254,P
Gm16271,P
Gm16279,P
Gm16294,P
Gm16348,P
Gm16364,P
Gm16523,P
Gm16525,P
Gm16537,P
Gm1653,P
Gm16548,P
Gm16551,P
Gm16576,M&P
Gm16596,P
Gm16617,P
Gm16618,P
Gm16630,P
Gm16638,P
Gm16675,P
Gm16677,P
Gm16702,P
Gm16712,P
Gm16731,P
Gm1673,P
Gm16740,M&P
Gm16793,M&P
Gm16796,M&P
Gm16845,P
Gm16853,P
Gm16861,M&P
Gm16894,P
Gm16897,M&P
Gm16907,P
Gm16938,P
Gm16958,P
Gm16976,P
Gm16982,P
Gm16998,P
Gm17025,P
Gm17039,P
Gm17102,P
Gm17115,P
Gm1715,P
Gm17266,P
Gm17315,P
Gm17330,P
Gm17359,P
Gm17382,P
Gm17396,P
Gm17399,P
Gm17455,P
Gm17546,P
Gm17597,P
Gm17634,P
Gm17660,M&P
Gm17695,P
Gm17733,P
Gm17750,P
Gm17751,P
Gm17753,P
Gm17767,M&P
Gm17768,P
Gm17769,P
Gm17801,P
Gm18280,P
Gm19303,P
Gm19345,P
Gm19385,P
Gm19410,M
Gm19412,M&P
Gm19439,M&P
Gm1943,M
Gm19461,P
Gm19497,P
Gm19500,P
Gm19554,P
Gm19582,P
Gm19585,P
Gm19605,P
Gm19619,P
Gm1966,P
Gm19689,M&P
Gm19705,P
Gm19710,P
Gm19757,P
Gm19765,P
Gm19774,M&P
Gm1979,P
Gm19897,P
Gm19935,M
Gm19951,P
Gm19990,P
Gm20036,P
Gm2004,M&P
Gm20052,P
Gm20063,P
Gm20125,M&P
Gm20139,P
Gm20172,P
Gm20187,M&P
Gm20199,M&P
Gm20257,P
Gm2026,M
Gm20275,P
Gm2027,M&P
Gm20319,P
Gm20324,P
Gm20337,P
Gm20346,M&P
Gm20383,P
Gm20389,P
Gm20491,M&P
Gm20517,M
Gm20522,P
Gm20544,P
Gm20554,P
Gm20597,P
Gm20609,P
Gm2061,P
Gm20684,M&P
Gm20743,P
Gm20751,P
Gm20754,M
Gm2087,M
Gm20939,P
Gm2093,M&P
Gm2102,P
Gm2109,P
Gm21284,P
Gm21297,P
Gm21814,P
Gm21885,P
Gm2192,M
Gm2237,M&P
Gm2381,P
Gm24027,M
Gm24105,P
Gm2518,P
Gm26519,P
Gm26520,P
Gm26533,P
Gm26536,P
Gm26559,P
Gm26597,P
Gm26604,P
Gm26633,P
Gm26641,P
Gm26682,P
Gm26684,P
Gm26685,P
Gm26698,P
Gm26705,P
Gm26710,P
Gm26721,M
Gm26760,P
Gm26787,P
Gm26788,P
Gm26797,P
Gm26839,P
Gm26851,P
Gm26876,P
Gm26885,P
Gm2694,P
Gm27011,P
Gm27151,M
Gm2716,P
Gm27204,P
Gm2721,P
Gm27239,P
Gm27252,P
Gm2814,P
Gm2832,P
Gm28364,P
Gm28453,P
Gm28455,M&P
Gm28535,P
Gm28703,P
Gm28729,P
Gm28822,M&P
Gm2885,M&P
Gm2897,M&P
Gm29154,P
Gm2921,P
Gm29443,M&P
Gm29480,P
Gm29483,P
Gm29508,P
Gm29514,P
Gm29538,P
Gm29543,P
Gm29593,M&P
Gm29595,P
Gm29642,M
Gm29679,P
Gm29681,M&P
Gm29683,P
Gm29684,P
Gm29719,P
Gm29729,M
Gm29733,M&P
Gm29797,P
Gm29801,M
Gm29804,M
Gm29811,P
Gm29932,P
Gm29968,P
Gm29998,P
Gm3002,P
Gm3005,P
Gm30075,P
Gm30092,P
Gm30108,P
Gm30158,P
Gm30189,M&P
Gm30223,P
Gm30225,P
Gm30244,P
Gm30375,P
Gm30400,P
Gm30431,P
Gm30498,P
Gm30529,P
Gm30531,P
Gm30539,P
Gm30551,P
Gm30606,P
Gm30648,P
Gm30731,P
Gm30769,P
Gm30789,P
Gm30794,P
Gm30818,P
Gm30927,P
Gm31087,P
Gm31134,M&P
Gm31223,P
Gm31333,P
Gm3134,M&P
Gm31465,P
Gm31508,P
Gm31592,P
Gm31616,P
Gm31679,P
Gm31690,P
Gm31728,P
Gm31734,P
Gm3173,P
Gm31763,P
Gm31786,P
Gm31938,P
Gm32014,P
Gm32031,P
Gm32113,P
Gm32168,P
Gm32200,P
Gm32229,P
Gm32249,P
Gm3225,P
Gm32261,P
Gm32273,P
Gm32278,P
Gm32282,P
Gm32468,M&P
Gm32498,M&P
Gm3255,M&P
Gm32633,P
Gm3264,P
Gm32688,P
Gm3279,P
Gm32810,P
Gm32815,P
Gm32817,P
Gm32926,P
Gm32950,P
Gm32960,P
Gm33027,M&P
Gm33044,M&P
Gm33045,P
Gm33075,P
Gm3325,P
Gm33318,P
Gm33454,P
Gm33508,P
Gm33517,P
Gm33543,P
Gm33667,P
Gm33677,P
Gm33727,M&P
Gm3383,P
Gm33933,P
Gm33989,M
Gm3411,P
Gm34121,P
Gm3414,P
Gm34267,P
Gm34304,P
Gm34307,P
Gm3435,P
Gm34403,P
Gm34507,M&P
Gm34632,P
Gm34643,P
Gm34758,P
Gm34917,M&P
Gm34939,P
Gm3500,P
Gm35083,P
Gm35410,P
Gm35486,M
Gm35546,P
Gm3558,P
Gm35612,P
Gm35685,P
Gm35721,P
Gm35725,P
Gm35801,P
Gm35932,P
Gm35993,P
Gm36001,P
Gm36012,P
Gm36028,P
Gm36037,P
Gm3604,P
Gm36109,P
Gm36183,P
Gm36210,P
Gm3625,P
Gm36266,P
Gm36283,P
Gm36298,P
Gm36356,P
Gm3636,P
Gm36445,P
Gm36470,P
Gm36529,P
Gm36582,P
Gm36595,P
Gm36608,P
Gm3667,P
Gm36712,P
Gm36768,P
Gm36809,P
Gm36849,P
Gm36908,P
Gm3693,P
Gm3696,P
Gm3704,P
Gm37120,P
Gm3716,P
Gm3739,P
Gm3752,M&P
Gm3772,P
Gm38396,P
Gm38403,P
Gm38413,M
Gm38414,P
Gm38426,P
Gm38438,P
Gm38491,M&P
Gm38499,P
Gm38500,P
Gm38521,P
Gm38538,P
Gm38560,P
Gm38576,M&P
Gm38872,P
Gm38882,P
Gm39213,P
Gm39244,P
Gm39283,P
Gm39302,P
Gm39307,P
Gm39429,P
Gm39436,M&P
Gm39468,P
Gm3948,P
Gm39526,P
Gm39859,P
Gm39874,P
Gm4013,M&P
Gm40193,P
Gm4035,P
Gm40617,P
Gm40650,P
Gm40722,P
Gm40733,P
Gm41062,P
Gm41096,P
Gm41177,P
Gm41230,P
Gm41235,P
Gm4123,P
Gm41410,M&P
Gm41609,P
Gm41640,P
Gm41754,P
Gm41857,P
Gm42020,M&P
Gm42064,P
Gm42067,P
Gm42107,P
Gm42151,P
Gm4221,M&P
Gm42274,M
Gm42303,P
Gm42329,P
Gm4265,P
Gm42788,P
Gm43403,P
Gm4349,M&P
Gm4371,M&P
Gm43868,P
Gm43915,P
Gm4419,M
Gm44851,P
Gm4489,P
Gm4532,M&P
Gm4544,P
Gm45521,P
Gm45623,P
Gm45871,P
Gm45914,P
Gm45915,P
Gm45916,P
Gm45924,P
Gm45952,P
Gm45972,P
Gm4598,P
Gm46065,P
Gm46100,P
Gm46120,P
Gm46270,P
Gm46567,P
Gm46637,P
Gm46666,P
Gm46732,P
Gm4675,P
Gm46764,P
Gm46840,P
Gm46841,P
Gm46947,P
Gm47112,P
Gm4750,P
Gm4759,P
Gm47754,P
Gm4779,P
Gm4787,P
Gm4788,P
Gm4793,P
Gm4814,P
Gm4841,P
Gm4869,P
Gm4876,M&P
Gm48908,P
Gm4890,P
Gm4925,P
Gm4926,P
Gm4951,P
Gm4952,P
Gm4961,P
Gm4988,P
Gm49890,P
Gm50340,P
Gm50341,P
Gm5069,P
Gm5079,P
Gm5083,P
Gm5084,P
Gm5086,M&P
Gm5087,M&P
Gm5105,P
Gm5106,P
Gm5115,P
Gm5124,P
Gm5126,P
Gm51273,P
Gm51279,M&P
Gm5127,P
Gm51294,P
Gm5129,P
Gm5134,P
Gm5136,M&P
Gm5141,M&P
Gm51425,P
Gm5144,P
Gm5148,M&P
Gm51627,P
Gm5174,M&P
Gm5176,P
Gm5177,P
Gm51803,M&P
Gm52329,P
Gm52456,P
Gm52520,P
Gm52562,P
Gm52688,M&P
Gm52877,M&P
Gm52885,P
Gm52907,P
Gm53055,P
Gm53058,P
Gm53059,P
Gm53063,P
Gm53065,P
Gm536,P
Gm5424,M&P
Gm5431,P
Gm5464,P
Gm5481,P
Gm5523,P
Gm5535,P
Gm5617,P
Gm5640,P
Gm5643,P
Gm5724,P
Gm572,P
Gm5737,P
Gm5741,P
Gm5784,M&P
Gm5796,P
Gm5801,M&P
Gm5820,P
Gm5860,P
Gm5878,P
Gm5897,P
Gm5901,P
Gm5936,P
Gm5,P
Gm6034,M&P
Gm609,P
Gm6117,P
Gm6194,P
Gm6213,P
Gm6225,P
Gm6260,P
Gm6277,M&P
Gm6297,P
Gm6306,P
Gm6345,M&P
Gm6402,P
Gm6498,P
Gm6521,P
Gm6551,P
Gm6559,P
Gm6566,P
Gm6568,P
Gm6569,P
Gm6583,P
Gm6623,P
Gm6639,P
Gm6642,P
Gm6644,P
Gm6654,P
Gm6710,M
Gm6713,M&P
Gm6721,M&P
Gm6729,P
Gm6787,P
Gm6815,P
Gm6936,P
Gm6938,P
Gm6961,P
Gm6981,P
Gm7008,P
Gm7056,P
Gm7102,P
Gm715,P
Gm7160,P
Gm7233,P
Gm7347,P
Gm7361,P
Gm7367,M
Gm7429,P
Gm7467,P
Gm7628,P
Gm765,P
Gm7694,M
Gm7819,M
Gm7854,M&P
Gm7889,M
Gm7931,P
Gm7932,P
Gm7967,P
Gm7972,P
Gm8013,P
Gm805,M&P
Gm807,P
Gm8126,P
Gm8234,P
Gm8251,P
Gm826,P
Gm8273,P
Gm8369,P
Gm8417,P
Gm8615,M
Gm8624,P
Gm867,P
Gm8801,M&P
Gm8817,P
Gm8979,P
Gm9054,P
Gm9057,M&P
Gm9222,M
Gm9530,P
Gm9595,M&P
Gm960,M
Gm9748,P
Gm9767,P
Gm9831,P
Gm9833,P
Gm9866,M
Gm9884,P
Gm9895,P
Gm9917,M&P
Gm9920,P
Gm9922,P
Gm9926,P
Gm9936,P
Gm9946,P
Gm9958,P
Gm9962,P
Gm9968,P
Gmfg,P
Gmnc,P
Gmnn,P
Gmps,P
Gna14,M
Gna15,P
Gnai2,M
Gnao1,M
Gnasas1,P
Gnat1,P
Gnat2,P
Gnb3,P
Gng10,P
Gng13,P
Gng5-ps,P
Gng5,P
Gng8,M&P
Gngt2,P
Gnl3l,P
Gnmt,M&P
Gnpda1,M
Gnptg,M
Gnrh1,P
Got1l1,P
Got2,M
Gp1ba,P
Gp5,P
Gp9,P
Gpa33,P
Gpank1,M
Gpat2,P
Gpc2,P
Gpc3,P
Gpc4,P
Gpihbp1,P
Gpkow,P
Gpm6b,P
Gpr101,P
Gpr132,P
Gpr139,P
Gpr142,M&P
Gpr143,P
Gpr149,P
Gpr150,M
Gpr151,P
Gpr152,P
Gpr156,P
Gpr157,P
Gpr160,P
Gpr165,P
Gpr173,P
Gpr176,P
Gpr179,P
Gpr180,M&P
Gpr182,P
Gpr183,P
Gpr1,P
Gpr20,P
Gpr31b,P
Gpr34,M&P
Gpr35,P
Gpr37l1,M
Gpr39,P
Gpr4,M&P
Gpr50,P
Gpr55,P
Gpr62,M
Gpr65,P
Gpr6,P
Gpr82,P
Gpr84,P
Gpr88,P
Gprasp1,P
Gprasp2,P
Gprc5a,P
Gprc5d,P
Gprin2,P
Gpsm3,P
Gpx2-ps1,P
Gpx7,P
Gramd2,M
Grap2,P
Grap,M
Grb10,M
Grb7,P
Greb1,P
Grem1,P
Grem2,M
Grhl2,P
Grhl3,P
Gria3,P
Grid1,P
Grid2ip,P
Grifin,P
Grin1os,P
Grin2d,P
Grin3b,P
Gripap1,P
Grk1,P
Grk4,P
Grm2,M
Grm8,P
Grpr,P
Grrp1,P
Grtp1,P
Grwd1,P
Grxcr2,M&P
Gsc,P
Gsdmd,P
Gsg1,P
Gsk3a,M&P
Gskip,P
Gspt2,M
Gsr,M
Gss,M
Gsta3,P
Gstcd,M
Gstm2,P
Gstm3,M&P
Gsto2,M&P
Gstp2,M
Gstt1,M
Gstt3,P
Gsx1,P
Gsx2,P
Gtf2a1l,P
Gtf2b,P
Gtf2e2,M
Gtf2h2,M
Gtf2h5,M
Gtpbp1,M
Gtpbp4,M
Gtse1,P
Gtsf1l,P
Guca1b,P
Gucy1b2,P
Gucy2c,P
Gucy2e,M&P
Gucy2f,P
Gxylt2,P
Gyg,M
Gypa,P
Gypc,P
Gys2,P
Gzmk,P
H13,M
H19,P
H1f6,P
H2-Aa,M&P
H2-Ab1,M&P
H2-Bl,P
H2-DMb1,M
H2-DMb2,M&P
H2-Ea,P
H2-Eb1,M&P
H2-Eb2,P
H2-K2,P
H2-M3,M
H2-M5,P
H2-Oa,P
H2-Ob,M&P
H2-Q10,P
H2-Q1,P
H2-Q2,P
H2-Q4,M&P
H2-T-ps,P
H2-T10,P
H2-T22,P
H2-T23,M&P
H2-T24,M&P
H2ac10,P
H2ac11,P
H2ac12,P
H2ac13,P
H2ac15,P
H2ac20,M
H2ac22,P
H2ac4,M&P
H2ac6,M&P
H2ac7,P
H2ac8,M
H2af-ps2,P
H2bc13,P
H2bc14,P
H2bc15,M
H2bc22,P
H2bc9,M&P
H2bu1-ps,M
H3c10,P
H3c11,M
H3c2,M&P
H3c3,P
H3c6,P
H3c7,P
H3c8,M&P
H3f3c,P
H3f4,P
H4c11,P
H4c17,P
H4c1,P
H4c6,P
H60b,P
Haao,P
Hacd4,P
Hagh,M
Haglr,P
Hal,P
Hao1,P
Hapln3,P
Has1,P
Has2,P
Has2os,P
Haspin,P
Hat1,M
Haus1,M
Haus3,P
Haus5,M&P
Haus6,P
Haus7,P
Hbq1b,M&P
Hc,M&P
Hcar1,P
Hcar2,P
Hcfc1,P
Hck,P
Hcn1,M
Hcn4,P
Hcrtr1,P
Hcrtr2,M
Hcst,P
Hdac6,P
Hdac8,P
Hdhd3,P
Hdx,P
Heatr4,P
Hectd2os,P
Hells,P
Hemk1,M
Henmt1,P
Hepacam2,P
Heph,P
Herc6,P
Herpud1,M&P
Hes7,P
Hfm1,M&P
Hgd,P
Hgfac,P
Hhat,P
Hhex,P
Hhipl1,M
Hhla1,P
Hic1,P
Hif3a,M&P
Hipk4,P
Hjurp,M
Hjv,P
Hk1os,P
Hk3,P
Hlx,P
Hmbs,M
Hmcn1,M
Hmcn2,P
Hmga1,M
Hmga1b,M
Hmga2-ps1,P
Hmgb3,P
Hmgb4,P
Hmgb4os,P
Hmgcl,P
Hmgn3,M
Hmgn5,P
Hmmr,P
Hnf1a,P
Hnf1b,P
Hnf4g,P
Hnrnpa1l2-ps2,P
Hnrnph2,P
Hoatz,P
Hoga1,P
Hook2,M
Hormad2,P
Hoxa1,P
Hp1bp3,P
Hpcal1,M
Hpgd,P
Hpgds,P
Hpn,P
Hprt,P
Hps3,M
Hpse2,M&P
Hpse,P
Hpx,P
Hr,P
Hrc,P
Hrct1,P
Hrob,P
Hs3st3a1,M&P
Hs3st3b1,P
Hs3st5,M&P
Hs3st6,P
Hs6st2,P
Hsbp1l1,P
Hscb,P
Hsd17b10,P
Hsd17b14,P
Hsd17b1,P
Hsd17b2,P
Hsd17b7,M
Hsdl2,P
Hsf2bp,P
Hsf3,P
Hsf5,P
Hsp90ab1,M
Hspa13,M
Hspa1b,M
Hspa1l,P
Hspb11,M&P
Hspb2,P
Hspb3,P
Hspb7,P
Htatsf1,P
Htr1b,M
Htr1d,M&P
Htr2b,P
Htr2c,P
Htr3a,M
Htr3b,P
Htra3,P
Htra4,P
Hus1b,P
Huwe1,P
Hvcn1,P
Hyal1,M
Hyal2,M
Hyal3,M
Hydin,P
Hymai,M&P
Hyou1,P
I830077J02Rik,P
I920046F24Rik,P
Iah1,M
Iars2,P
Ibsp,P
Icam1,P
Icam2,P
Icam4,P
Icos,P
Id1,P
Id2,M
Idh3g,P
Idi1-ps1,M&P
Idi1,M&P
Ido1,P
Ido2,P
Ids,P
Ier2,M
Ier3,M
Iffo2,P
Ifi202b,P
Ifi203,M&P
Ifi204,P
Ifi207,P
Ifi208,P
Ifi209,P
Ifi27l2a,P
Ifi35,P
Ifi44,P
Ifi47,P
Ifih1,M&P
Ifit1,M&P
Ifit1bl1,P
Ifit1bl2,P
Ifit2,M
Ifit3,M&P
Ifit3b,M&P
Ifitm1,P
Ifitm6,P
Ifitm7,P
Ifnlr1,P
Ifrd2,M
Ift140,M
Ift52,M
Ift81,M
Igbp1,P
Igbp1b,M&P
Igf2bp1,P
Igf2bp2,P
Igf2bp3,P
Igf2os,P
Igfbp6,P
Igfbpl1,P
Igfn1,P
Igll1,M&P
Igsf1,P
Igsf21,M&P
Igsf5,M&P
Igsf6,P
Igsf8,M
Igsf9,M&P
Igtp,M&P
Ihh,P
Iho1,P
Iigp1,P
Ikbip,M
Ikbke,P
Ikbkg,P
Ikzf1,M&P
Ikzf3,P
Il10ra,P
Il11,P
Il11ra1,M
Il12a,P
Il12rb1,P
Il12rb2,M&P
Il13ra1,P
Il13ra2,P
Il15,M&P
Il17b,P
Il17f,P
Il17rb,P
Il17re,P
Il18,P
Il18r1,P
Il18rap,P
Il1a,M&P
Il1b,P
Il1bos,P
Il1r2,P
Il1rapl1,P
Il1rapl2,P
Il1rl1,P
Il1rl2,P
Il20ra,P
Il20rb,M&P
Il21,P
Il21r,P
Il22ra1,P
Il23a,P
Il25,P
Il27ra,M&P
Il2ra,P
Il2rb,P
Il2rg,M&P
Il31ra,P
Il3ra,M&P
Il5,M&P
Il5ra,P
Il6,P
Il7,P
Il7r,P
Ildr1,P
Imp4,M
Impg2,P
Inafm1,P
Inava,P
Inhbe,P
Inip,P
Inka1,M&P
Inmt,M&P
Inpp4b,M
Ins2,P
Insig2,M
Insl3,P
Insl5,M&P
Insl6,P
Insm2,P
Insrr,P
Insyn2b,M&P
Ints11,M
Ints6l,P
Ip6k3,P
Ipo9,M
Iqank1,P
Iqca1l,P
Iqca,M&P
Iqcd,P
Iqcf3,P
Iqcf5,P
Iqch,P
Iqck,P
Iqcm,P
Iqcn,P
Iqgap2,M
Iqgap3,P
Iqsec2,P
Iqub,P
Irak1,P
Irak1bp1,M
Irak3,P
Irak4,P
Irf4,P
Irf6,P
Irf7,P
Irgc1,P
Irgm2,P
Irs3,P
Irs4,P
Irx1,P
Irx2,P
Irx3,P
Irx5,P
Irx6,P
Isg15,P
Isg20,P
Isl1,P
Ism2,P
Ist1,P
Isx,P
Itch,M
Itga10,M&P
Itga11,P
Itga2,M&P
Itga2b,P
Itga5,P
Itga6,M
Itga8,M
Itgad,P
Itgae,P
Itgal,P
Itgam,P
Itgax,P
Itgb1bp1,M
Itgb1bp2,M&P
Itgb3,P
Itgb6,P
Itgb7,P
Itih2,P
Itih4,P
Itk,P
Itm2a,P
Itprid1,M&P
Itprid2,M
Itprip,M&P
Itpripl2,M
Ivns1abp,M
Iyd,P
Jade3,P
Jag2,P
Jaml,P
Jchain,P
Jhy,P
Jph2,P
Jpt1,M
Jpt2,M
Jpx,P
Jsrp1,P
Jtb,M
Junb,M
Kank4,P
Kank4os,M&P
Kantr,P
Kash5,P
Kat14,P
Katnal2,P
Katnb1,M&P
Kazald1,M&P
Kbtbd12,P
Kbtbd13,P
Kbtbd6,P
Kbtbd8,M
Kcna5,P
Kcnc4,M
Kcnd1,P
Kcne1l,P
Kcne2,P
Kcne3,P
Kcne4,P
Kcnh4,P
Kcnh6,P
Kcnh8,P
Kcnip1,M
Kcnj10,M
Kcnj13,P
Kcnj14,M&P
Kcnj15,M&P
Kcnj16,M
Kcnj2,M
Kcnj5,P
Kcnj9,M
Kcnk5,P
Kcnk6,P
Kcnk7,P
Kcnk9,P
Kcnmb1,M&P
Kcnmb4os1,P
Kcnn4,P
Kcnq1,P
Kcnq1ot1,M
Kcnrg,P
Kcns3,M
Kcnu1,P
Kcnv2,P
Kcp,P
Kctd11,P
Kctd12b,P
Kctd14,P
Kctd15,M
Kctd5,M
Kctd6,P
Kdelr1,P
Kdelr3,P
Kdf1,P
Kdm1a,M&P
Kdm4c,P
Kdm4d,P
Kdm5b,M
Kdm5c,P
Kdm6a,P
Kel,P
Kera,P
Khdc3,P
Kidins220,M
Kif11,P
Kif14,P
Kif15,P
Kif16b,M
Kif16bos,P
Kif18a,P
Kif18b,P
Kif20a,P
Kif20b,M&P
Kif22,P
Kif23,M&P
Kif24,M&P
Kif26a,P
Kif2c,P
Kif4,P
Kif7,M&P
Kif9,P
Kifc1,M&P
Kifc3,P
Kifc5b,M&P
Kir3dl2,P
Kiz,P
Klb,P
Klc1,P
Klc3,M&P
Klf14,P
Klf1,P
Klf4,P
Klf8,P
Klhdc2,M
Klhdc7a,P
Klhdc7b,P
Klhdc9,M
Klhl10,P
Klhl12,M
Klhl13,P
Klhl14,M&P
Klhl15,P
Klhl1,P
Klhl30,P
Klhl31,P
Klhl33,P
Klhl34,P
Klhl35,P
Klhl38,P
Klhl41,P
Klhl4,P
Klhl6,P
Klhl7,M
Klhl9,P
Klk10,P
Klk1b3,P
Klk1b5,P
Klk6,P
Klk7,P
Klk9,P
Klkb1,P
Klra2,P
Klrb1,P
Klrb1c,P
Klrd1,P
Klrg1,P
Klrg2,M
Klri1,P
Kmo,P
Kmt2e,M
Kncn,P
Knl1,P
Knstrn,P
Kntc1,M&P
Kremen2,M&P
Krt10,P
Krt12,M&P
Krt15,P
Krt17,P
Krt18,P
Krt19,P
Krt1,P
Krt23,P
Krt28,P
Krt2,P
Krt5,M&P
Krt79,P
Krt7,P
Krt80,P
Krt87,P
Krt8,P
Krt90,P
Krtcap3,P
Ky,M
Kyat3,M
Kynu,P
L1cam,P
L3hypdh,M
L3mbtl4,P
LOC102637792,P
LOC105244649,P
LOC108167736,P
LOC108169029,P
LOC114841036,P
LOC115486438,P
LOC115487084,P
LOC115487230,P
LOC115489488,M&P
LOC115490137,P
LOC117997403,P
LOC665004,P
LOC668415,P
LTO1,M
Lad1,P
Lag3,P
Lage3,P
Lama1,P
Lama3,P
Lamb3,M&P
Lamc2,M&P
Lamp2,P
Lamp3,P
Lancl2,P
Lao1,P
Laptm4b,P
Large2,P
Larp4b,M
Las1l,P
Lat2,P
Lat,P
Lax1,P
Layn,P
Lbhd2,P
Lbx2,P
Lca5,M
Lca5l,M
Lck,P
Lcn2,P
Lcp2,M
Lctl,P
Ldb3,M&P
Ldc1,P
Ldhal6b,P
Ldhb,P
Ldlrad2,P
Ldlrap1,P
Ldoc1,P
Leap2,P
Lefty1,P
Lefty2,P
Lemd1,M&P
Lepr,P
Leprotl1,M
Lexm,P
Lgals12,P
Lgals1,P
Lgals2,P
Lgals3,M&P
Lgals4,P
Lgals7,P
Lgals9,P
Lgi3,M
Lgr5,P
Lgr6,P
Lhcgr,P
Lhfpl1,M&P
Lhfpl3,M
Lhfpl5,P
Lhx1,P
Lhx3,P
Lhx5,P
Lhx8,P
Lif,P
Lilra5,P
Lilrb4a,P
Lin28b,M&P
Lincred1,P
Lingo4,P
Lipa,M
Lipc,P
Liph,P
Lipi,P
Lipm,P
Lipo2,M&P
Lipo4,P
Llgl2,M&P
Lmbrd2,M
Lmcd1,P
Lmntd1,P
Lmntd2,P
Lmo3,M
Lmod1,P
Lmx1a,P
Lmx1b,P
Lncbate10,P
Lncenc1,P
Lncppara,M
Lnp1,M&P
Lockd,P
Lonrf1,M
Lonrf3,P
Lox,P
Loxhd1,P
Loxl2,P
Loxl4,P
Lpar1,P
Lpar2,P
Lpar3,P
Lpar4,P
Lpar5,P
Lpcat2,M
Lpcat2b,M&P
Lpin1,M
Lpin3,P
Lpo,P
Lpxn,M&P
Lrat,P
Lrch2,P
Lrg1,P
Lrguk,P
Lrig1,M
Lrit3,P
Lrmda,P
Lrmp,P
Lrp10,M
Lrp2,P
Lrp2bp,P
Lrp6,M
Lrp8os2,P
Lrp8os3,P
Lrr1,P
Lrrc10,P
Lrrc14b,P
Lrrc15,P
Lrrc17,P
Lrrc18,M&P
Lrrc23,M
Lrrc24,M
Lrrc25,P
Lrrc26,P
Lrrc27,M
Lrrc2,M&P
Lrrc31,P
Lrrc32,P
Lrrc34,P
Lrrc38,P
Lrrc39,P
Lrrc3b,P
Lrrc43,P
Lrrc46,P
Lrrc52,P
Lrrc56,P
Lrrc66,P
Lrrc69,P
Lrrc70,P
Lrrc71,M&P
Lrrc73,M
Lrrc74b,P
Lrrc8e,P
Lrrc9,P
Lrrd1,P
Lrrfip1,M
Lrriq3,P
Lrrn4,P
Lrrn4cl,P
Lsm1,P
Lsm5,P
Lsm8,P
Lsmem1,P
Lsmem2,P
Lsr,P
Lta4h,M
Lta,P
Ltb4r1,P
Ltb4r2,P
Ltb,P
Ltbp1,M
Ltbp2,P
Ltf,P
Ltk,M
Luc7l,M
Lurap1l,P
Lvrn,P
Ly6a,P
Ly6c2,P
Ly6e,M&P
Ly6g6d,P
Ly6g6e,P
Ly75,M&P
Ly86,P
Ly96,P
Ly9,P
Lyg2,P
Lyl1,M&P
Lynx1,M
Lypd2,P
Lypd3,P
Lypd8,P
Lypla2,M
Lyve1,P
Lyz1,M&P
Lyzl4,P
M1ap,P
Maats1,P
Mab21l1,P
Mab21l2,P
Mab21l3,P
Mab21l4,P
Macc1,P
Mad2l2,M
Madcam1,P
Mael,P
Mafa,P
Maff,P
Mageb16-ps1,P
Mageb3,P
Maged1,P
Maged2,P
Magee1,P
Magel2,M&P
Magi1,M
Magix,P
Magoh,P
Magohb,M
Magt1,P
Majin,P
Mak,P
Mall,P
Malrd1,P
Malsu1,P
Mamdc2,M
Mamdc4,P
Mamld1,P
Mamstr,P
Man2b1,M
Man2c1os,P
Manf,M
Mansc1,P
Mansc4,P
Maoa,P
Maob,P
Map1lc3a,M&P
Map2k3os,P
Map3k15,P
Map3k6,P
Map3k7,M
Map3k7cl,P
Map3k8,P
Map4k1,P
Map7d2,P
Map7d3,P
Mapk12,M&P
Mapk13,P
Mapk15,M&P
Mapk7,P
Mapk8ip3,M
Mapkapk3,M&P
Marchf10,P
Marveld2,M&P
Marveld3,P
Masp2,P
Mast1,M
Mastl,P
Matn1,P
Maz,P
Mb,P
Mbnl3,P
Mboat1,P
Mboat2,M
Mboat4,P
Mbtps1,M&P
Mbtps2,P
Mc1r,P
Mc3r,P
Mc4r,M
Mc5r,P
Mcam,P
Mccc1os,M&P
Mcee,M
Mcf2,P
Mcfd2,M
Mcidas,P
Mcm10,P
Mcm3,P
Mcm5,P
Mcm6,M
Mcm8,P
Mcoln1,P
Mcoln3,P
Mctp2,P
Mcts1,P
Mcts2,M
Mdfi,P
Mdh1b,M&P
Mdrl,P
Me2,M
Mea1,M
Mecom,P
Mecp2,P
Med12,P
Med14,P
Med20,M
Med21,P
Med23,M
Med8,M
Med9os,M&P
Meg3,M&P
Megf9,P
Mei1,P
Mei4,M&P
Meig1,P
Meioc,P
Meis1,P
Meis3,M
Melk,P
Meltf,P
Memo1,P
Meox1,P
Meox2,P
Mep1a,P
Mesp1,P
Mesp2,M&P
Mest,M
Met,P
Metap1d,M
Metap2,M
Mettl11b,P
Mettl21c,P
Mettl21e,P
Mettl24,P
Mettl7a2,P
Mettl7a3,P
Mettl8,M
Mex3c,M
Mexis,P
Mfap2,P
Mfap4,M&P
Mfap5,P
Mfhas1,M
Mfn2,M
Mfng,M&P
Mfsd13b,P
Mfsd2b,P
Mfsd4b1,P
Mfsd4b2,P
Mfsd4b3-ps,P
Mfsd4b5,P
Mfsd6l,P
Mfsd7a,M&P
Mgam,P
Mgat4e,P
Mgl2,P
Mgme1,P
Mgmt,M&P
Mgp,M
Mgst2,P
Mhrt,P
Micall2,M
Micos13,P
Micu3,M
Mid1ip1,P
Mid2,P
Mief1,M
Mien1,P
Mif,P
Miip,M
Mill2,P
Milr1,P
Mios,P
Mir100hg,M
Mir1190,P
Mir1191b,P
Mir1197,M&P
Mir12184,P
Mir124a-2,M&P
Mir16-1,P
Mir17hg,P
Mir1929,P
Mir1932,P
Mir1934,P
Mir1942,P
Mir1947,P
Mir1964,M&P
Mir24-2,P
Mir301,P
Mir3058,P
Mir3060,P
Mir3061,P
Mir3066,P
Mir3080,P
Mir3085,P
Mir3089,P
Mir338,M&P
Mir344i,P
Mir3473e,P
Mir374b,P
Mir3967,P
Mir453,M&P
Mir466q,P
Mir5103,P
Mir5112,P
Mir5119,P
Mir5623,P
Mir6236,P
Mir6336,P
Mir6371,P
Mir6374,P
Mir6403,P
Mir6417,P
Mir6538,P
Mir6541,P
Mir654,M&P
Mir669i,P
Mir669k,P
Mir673,P
Mir677,P
Mir681,P
Mir684-1,M
Mir6904,M
Mir6907,P
Mir690,P
Mir6913,P
Mir6975,P
Mir697,P
Mir7013,P
Mir7042,P
Mir7061,P
Mir709,M&P
Mir7212,P
Mir721,P
Mir7237,P
Mir764,P
Mir7682,P
Mir7b,P
Mir8095,P
Mir8109,P
Mir876,P
Mir882,P
Mirg,M&P
Mirt1,P
Mis18bp1,P
Misp3,P
Misp,P
Mki67,P
Mkks,M
Mkrn3,P
Mks1,M
Mlf1,P
Mlh1,P
Mllt3,P
Mlph,P
Mlst8,M
Mlxipl,P
Mm2pr,M
Mmel1,P
Mmgt1,P
Mmp11,P
Mmp19,P
Mmp21,P
Mmp23,P
Mmp24,M
Mmp25,P
Mmp28,M&P
Mmp2,P
Mmp9,P
Mmrn1,P
Mmrn2,P
Mms22l,P
Mmut,M
Mnat1,M
Mnd1,P
Mndal,M&P
Mns1,P
Mocos,P
Mogat1,P
Morc1,P
Morc2b,M&P
Morc4,P
Morf4l1-ps1,M
Morf4l1b,P
Morf4l2,P
Morn3,P
Morn5,P
Morrbid,P
Mos,P
Mospd1,P
Mospd2,P
Mospd4,P
Mov10l1,P
Moxd1,M
Mpig6b,P
Mpl,P
Mpo,P
Mpp1,P
Mpzl2,P
Mpzl3,P
Mrap2,M
Mrap,P
Mrgprf,P
Mrgprh,P
Mri1,M
Mrln,P
Mrm3,M
Mro,M
Mroh2a,P
Mroh3,M&P
Mroh4,P
Mroh5,P
Mroh6,P
Mroh7,P
Mroh8,P
Mrpl14,M
Mrpl18,P
Mrpl20,M
Mrpl32,P
Mrpl3,M
Mrpl52,P
Mrpl55,M
Mrps10,M
Mrps18b,P
Mrps21,M
Mrps23,M
Mrps27,M
Mrps36,M
Mrvi1,P
Ms4a4a,P
Ms4a4c,P
Ms4a6b,P
Ms4a6c,M&P
Ms4a6d,P
Ms4a7,P
Msantd1,M&P
Msc,M&P
Msgn1,P
Msh4,P
Msh5,P
Msi1,M
Msi2,M
Msl2,M
Msl3,P
Msln,M&P
Msmp,P
Msn,P
Msr1,P
Msrb1,M
Mss51,M&P
Mst1r,P
Mstn,P
Msx1os,P
Msx2,P
Msx3,P
Mtarc1,P
Mtarc2,M
Mtbp,P
Mtcp1,P
Mterf1a,P
Mterf1b,P
Mtfr2,P
Mthfs,M
Mtif2,M
Mtln,P
Mtm1,P
Mtmr14,M
Mtmr1,P
Mtmr7,M
Mtor,M
Mtr,M
Mttp,P
Mtus1,M
Muc15,P
Muc16,P
Muc1,P
Muc2,P
Mup3,P
Mup5,P
Musk,P
Mustn1,M&P
Mutyh,P
Mx1,P
Mx2,P
Mxd3,P
Mxra8,M
Myadml2,P
Myb,P
Mybl1,P
Mybl2,P
Mybpc1,P
Mybpc2,P
Mybpc3,P
Mybph,P
Mybphl,M&P
Myc,P
Mycbpap,P
Myct1,P
Myh13,P
Myh1,P
Myh2,P
Myh3,M&P
Myh4,P
Myh6,P
Myh7b,M&P
Myh8,M&P
Myhas,P
Myl12a,M
Myl1,M&P
Myl2,P
Myl4,M
Mylk2,P
Mylk3,M&P
Mylk4,P
Mylpf,P
Mymk,P
Myo15,P
Myo15b,P
Myo18b,P
Myo1a,P
Myo1f,M&P
Myo1g,P
Myo1h,P
Myo3a,M&P
Myo3b,M&P
Myo5c,P
Myo6,M
Myo7b,P
Myoc,P
Myocd,P
Myod1,P
Myog,P
Myom1,P
Myom2,P
Myom3,P
Myorg,M
Myoz1,P
Myoz2,P
Mypn,M&P
Mypop,P
Myrfl,P
Myt1l,M
Myzap,P
Mzb1,P
Naa10,P
Naa11,P
Naa80,M
Naalad2,P
Naaladl1,P
Naaladl2,P
Nacc1,M
Nae1,P
Naf1,M
Nagk,M
Nags,P
Naip1,P
Naip2,P
Naip5,P
Naip6,P
Nanog,P
Nanos3,M&P
Nanp,M&P
Nap1l2,P
Nap1l3,P
Nap1l5,M
Nat1,P
Nat2,P
Nat8,P
Nat8f1,M
Nat8f2,M&P
Nat8f3,P
Nat8f5,M&P
Nat8f6,P
Nat8f7,P
Nav1,M
Nbdy,P
Ncapg2,M
Ncapg,M&P
Ncaph,P
Nccrp1,P
Ncf2,M&P
Ncf4,P
Ncmap,P
Ncoa6,M
Ncstn,M
Ndc80,P
Ndfip1,M
Ndn,M
Ndp,P
Ndrg4,P
Ndufa12,M
Ndufa1,P
Ndufa3,M
Ndufa6,M
Ndufa8,M
Ndufb10,M
Ndufb11,P
Ndufb1,M
Ndufb7,M
Ndufs2,M
Ndufs5-ps,P
Ndufs5,M
Neb,P
Nectin1,M
Nectin2,P
Nectin4,M
Nedd1,M
Nedd8,P
Nefm,M&P
Neil2,P
Neil3,P
Nek10,P
Nek11,M
Nek2,P
Nek5,P
Nek8,P
Nelfe,M&P
Nemp1,M&P
Neu2,P
Neurl1b,M
Neurl2,P
Neurl3,P
Neurod4,P
Neurod6,M
Neurog2,M&P
Nexmif,P
Nexn,P
Nfam1,P
Nfat5,P
Nfatc3,P
Nfatc4,M&P
Nfib,P
Nfix,M
Nfkb2,P
Nfkbid,M&P
Nfkbie,M
Nfs1,M
Nfu1,M
Nfya,M
Ngb,P
Ngdn,M
Ngf,P
Ngfr,P
Ngp,P
Nhej1,P
Nhlh1,M&P
Nhlh2,P
Nhlrc4,P
Nhp2,M&P
Nhs,P
Nhsl2,P
Niban1,M&P
Niban3,M
Nid2,P
Ninj2,P
Nip7,P
Nipal2,M&P
Nit1,M
Nkap,P
Nkapl,P
Nkd1,M
Nkpd1,P
Nkrf,P
Nkx2-1,M&P
Nkx2-2os,P
Nkx2-9,P
Nkx3-1,P
Nkx6-1,P
Nkx6-2,P
Nle1,M
Nlgn3,P
Nlrc3,P
Nlrc4,P
Nlrc5,P
Nlrp10,P
Nlrp12,P
Nlrp1a,P
Nlrp1b,P
Nlrp1c-ps,P
Nlrp3,P
Nlrp4f,P
Nlrp5-ps,M&P
Nlrp6,P
Nlrx1,P
Nmb,M
Nmbr,M
Nme4,P
Nme6,M
Nme9,P
Nmnat2,M
Nmnat3,P
Nmrk2,P
Nmur1,P
Nmur2,P
Nnat,M
Nnmt,M&P
Nnt,M&P
Nobox,P
Nod2,P
Nodal,P
Nog,M
Nol10,M
Nol12,M
Nol3,P
Nomo1,P
Nono,P
Nop2,M
Norad,P
Nos1ap,M
Nos2,P
Nos3,M
Notum,P
Nova1,M
Nox4,P
Noxo1,M&P
Noxred1,P
Npb,M&P
Npbwr1,P
Npc1,P
Npc1l1,P
Npff,P
Npffr2,P
Nphs1,M&P
Nphs1os,M&P
Nphs2,P
Npl,P
Npm1,M
Npm2,P
Npm3-ps1,P
Npnt,P
Nppa,P
Nprl2,M
Npsr1,M
Npw,P
Npy6r,P
Nqo1,P
Nr0b1,P
Nr1h3,M
Nr1h4,P
Nr1i2,P
Nr1i3,P
Nr2c1,M
Nr5a2,P
Nradd,P
Nrap,P
Nrg4,P
Nrip3,M
Nrk,P
Nrl,M&P
Nrm,P
Nron,P
Nrp,P
Nrtn,P
Nsdhl,P
Nsl1,P
Nsun3,P
Nsun6,M
Nt5c,M
Nt5dc3,M
Ntf3,P
Ntf5,P
Nthl1,M
Ntn3,M
Ntn4,M
Ntn5,P
Ntrk1,P
Nts,P
Ntsr1,P
Ntsr2,M
Nuak2,P
Nub1,M
Nubpl,P
Nucb2,M
Nudt10,P
Nudt11,P
Nudt13,P
Nudt16,M
Nudt18,P
Nudt1,P
Nudt21,P
Nudt2,M
Nuf2,M
Nup210l,P
Nup35,M
Nup43,M
Nup62cl,P
Nup93,M
Nupl2,M
Nupr1,P
Nupr1l,P
Nusap1,P
Nxf2,P
Nxf7,P
Nxnl1,P
Nxnl2,P
Nxpe2,P
Nxpe4,M
Nxpe5,M&P
Nxph2,P
Nxph3,P
Nxph4,P
Nxt2,P
Nyx,P
Oacyl,M&P
Oard1,M
Oas1a,P
Oas1b,P
Oas1c,P
Oas1d,M&P
Oas2,P
Oas3,P
Oasl2,M&P
Obi1,P
Obp2b,P
Obscn,M&P
Oc90,P
Oca2,P
Ocln,M
Ocrl,P
Ocstamp,P
Odaph,P
Odc1,M
Odf3l1,P
Odf3l2,P
Odf4,P
Odr4,M
Ofd1,P
Ogfod1,M
Ogg1,M
Ogn,M
Ogt,P
Oip5,P
Oit3,P
Olah,P
Olfm4,P
Olfm5,P
Olfml2a,P
Olfml2b,M
Olfr12,P
Olfr1342,P
Olfr1344,P
Olfr1372-ps1,P
Olfr1393,P
Olfr1507,P
Olfr1508,P
Olfr153,P
Olfr1564,P
Olfr206,P
Olfr267,P
Olfr283,P
Olfr287,P
Olfr288,P
Olfr316,P
Olfr317,P
Olfr46,P
Olfr535,P
Olfr539,P
Olfr53,P
Olfr550,M
Olfr552,M&P
Olfr554,P
Olfr555,P
Olfr556,P
Olfr557,P
Olfr558,P
Olfr561,P
Olfr564,M&P
Olfr570,P
Olfr574,P
Olfr61,P
Olfr658,P
Olfr690,P
Olfr78,P
Olfr905,M&P
Olfr906,P
Olfr907,P
Olfr920,P
Olfr974,P
Olig3,P
Olr1,P
Omd,P
Omp,P
Onecut1,P
Ooep,P
Ophn1,P
Opn1mw,P
Opn1sw,P
Opn4,P
Oprk1,P
Optc,P
Orc1,P
Orc6,M
Orm3,P
Osbpl10,M
Oscar,P
Osgin1,P
Osm,P
Osr2,P
Ost4,P
Ostc,P
Ostn,P
Otoa,P
Otof,M&P
Otog,P
Otogl,P
Otop1,P
Otop2,P
Otop3,P
Otos,P
Otp,P
Otud5,P
Otx1,M
Otx2,P
Otx2os1,M&P
Ovgp1,P
Ovol2,P
Oxct2b,P
Oxgr1,P
Oxt,M&P
Oxtr,P
P2rx1,P
P2rx2,P
P2rx5,P
P2rx6,P
P2ry10b,P
P2ry14,P
P2ry2,P
P2ry4,P
Pabpc1,M&P
Pabpc1l,P
Pabpc4l,P
Pabpc5,P
Pabpn1l,P
Pacrg,P
Padi4,M&P
Padi6,P
Pah,P
Pak3,P
Pakap,P
Palb2,P
Palm3,M
Panct2,P
Pank1,M
Paox,P
Papln,P
Papola,P
Papolb,P
Pappa2,P
Pappa,P
Paqr4,M
Pard6b,M
Park7,M
Parp10,P
Parp14,P
Parp3,M
Parpbp,P
Parvaos,P
Pask,P
Pate13,P
Pate2,P
Paupar,P
Pawr,M
Pax2,P
Pax5,P
Pax6os1,P
Pax7,P
Pbdc1,P
Pbk,P
Pbld1,P
Pbld2,M
Pbp2,P
Pbx1,M
Pbx2,M
Pcare,P
Pcbp1,P
Pcbp4,M
Pcdh11x,P
Pcdh12,M&P
Pcdh19,P
Pcdh9,P
Pcdhb1,P
Pcdhb4,M
Pcdhb5,M
Pcdhb6,M
Pcdhb8,M&P
Pcgf1,M
Pclaf,P
Pcm1,M
Pcolce,M
Pcp2,P
Pcp4l1,M
Pcsk1n,P
Pcsk2,M
Pcsk2os1,M
Pcsk2os2,P
Pcsk4,P
Pcsk9,P
Pctp,M&P
Pcyt1b,P
Pdcd1lg2,P
Pdcl2,P
Pde4c,P
Pde6a,P
Pde6b,P
Pde6c,P
Pde6d,M&P
Pde6g,P
Pde6h,P
Pdf,P
Pdgfb,M
Pdgfrl,M&P
Pdha1,P
Pdia2,P
Pdia5,P
Pdia6,M
Pdk1,M
Pdk3,P
Pdlim2,P
Pdlim3,P
Pdpk1,M
Pdpn,M
Pdxk-ps,P
Pdzd11,P
Pdzd3,P
Pdzd4,P
Pdzd7,P
Pdzd9,P
Pdzk1,P
Pdzk1ip1,P
Pea15a,M
Pear1,M
Pebp4,P
Pecr,M
Peg10,M
Peg12,P
Peg13,M
Peg3,M
Peg3os,P
Peli2,M
Pemt,M
Pepd,M
Percc1,P
Perm1,M&P
Perp,M
Pet100,P
Pex11g,P
Pex14,M
Pex19,M
Pf4,P
Pfdn2,M
Pfdn5,M
Pfdn6,M
Pfkfb1,P
Pgk1,P
Pglyrp1,P
Pgm1,M
Pgp,M
Pgpep1l,P
Pgr15l,P
Pgrmc1,P
Phb2,M
Pheta2,P
Phex,P
Phf11b,P
Phf11c,P
Phf11d,P
Phf19,P
Phf20,M
Phf5a,M&P
Phf6,P
Phf7,P
Phf8,P
Phip,M
Phka1,P
Phka2,P
Phlda3,M
Phldb1,M
Phldb3,P
Phlpp2,P
Phxr4,P
Phyh,M
Pi15,P
Pi16,M&P
Pi4k2b,P
Pidd1,P
Piezo2,P
Pif1,P
Pifo,P
Piga,P
Pigf,M
Pigm,M
Pigu,M
Pigv,M
Pigyl,M
Pih1d2,P
Pik3c2g,P
Pik3r4,M
Pik3r5,P
Pik3r6,P
Pilra,P
Pim1,M&P
Pim2,P
Pimreg,P
Pin4,P
Pink1,P
Pip5kl1,P
Pipox,P
Pir,P
Pirb,P
Pirt,P
Pitpnm2os2,P
Pitx3,P
Piwil1,P
Piwil2,M&P
Piwil4,P
Pja1,P
Pjvk,P
Pkd1,M
Pkd1l2,P
Pkd1l3,P
Pkd2,M
Pkd2l1,P
Pkd2l2,P
Pkdrej,P
Pkhd1,P
Pkhd1l1,P
Pkig,M
Pklr,P
Pkmyt1,M&P
Pkn1,M
Pkn3,P
Pkp1,P
Pkp3,P
Pla1a,P
Pla2g3,P
Pla2g4a,M&P
Pla2g4b,P
Pla2g4c,P
Pla2g4f,P
Pla2g5,P
Pla2r1,P
Plaat5,P
Plac8,P
Plac8l1,P
Plagl1,M
Platr22,P
Plaur,P
Plb1,P
Plbd1,P
Plcb2,P
Plcg2,P
Plcxd1,P
Plcz1,P
Pld5,M&P
Pld6,P
Plek2,P
Plekha4,P
Plekha5,M
Plekhd1os,P
Plekhf1,M
Plekhf2,M
Plekhg6,P
Plekhs1,P
Plet1,P
Plg,P
Plin1,P
Plin2,P
Plin4,P
Plin5,P
Plk1,M&P
Plk4,P
Pllp,M
Pln,P
Plod1,M
Plp1,P
Plp2,P
Plpp4,M
Pls3,P
Plscr1,P
Plscr4,M
Plscr5,P
Plxna3,P
Plxna4os1,P
Plxnb3,P
Pmch,P
Pmel,M&P
Pmfbp1,P
Pnck,P
Pnldc1,P
Pnlip,P
Pnliprp2,P
Pnma3,P
Pnma5,P
Pnmt,P
Pno1,P
Pnp2,P
Pnpla1,P
Poc1a,M
Podn,P
Pola1,P
Pold2,M
Pole2,M&P
Pole3,P
Pole,M
Polk,M
Poln,P
Polq,P
Polr1d,M
Polr2c,P
Polr2j,P
Polr2k,P
Polr3f,M
Pom121l2,P
Pomc,P
Pon1,P
Pop1,M
Pop4,M
Popdc2,P
Porcn,P
Postn,P
Pot1b,M
Potegl,P
Pou1f1,P
Pou2af1,P
Pou2f2,P
Pou2f3,P
Pou3f4,P
Pou4f1,P
Pou5f2,P
Pou6f2,M&P
Pp2d1,P
Ppa1,M&P
Pparg,P
Ppbp,P
Ppcdc,M
Ppcs,M&P
Ppef1,P
Ppef2,P
Ppic,P
Ppifos,P
Ppil1,M
Ppl,P
Ppm1j,P
Ppm1m,M
Ppm1n,P
Ppox,M
Ppp1r12b,M
Ppp1r13l,M&P
Ppp1r14a,M
Ppp1r14b,P
Ppp1r17,P
Ppp1r1c,P
Ppp1r2-ps3,P
Ppp1r21,M
Ppp1r32,M&P
Ppp1r36,P
Ppp1r37,P
Ppp1r3b,M&P
Ppp1r3e,M
Ppp1r3f,P
Ppp1r42,P
Ppp2cb,M
Ppp2r1b,M
Ppp2r3a,M
Ppp3cc,P
Ppp3r2,P
Ppp4r3b,M
Ppp5c,P
Ppwd1,M
Pqbp1,P
Pqlc3,M&P
Pradc1,M&P
Praf2,P
Prag1,M
Pram1,P
Pramel12,M
Prc1,P
Prcc,P
Prcd,M
Prdm12,P
Prdm13,P
Prdm1,P
Prdm2,M
Prdm6,P
Prdm9,P
Prdx2,M
Prdx4,P
Prelid2,P
Prex2,M
Prg4,M&P
Prickle3,P
Prickle4,M
Prkaca,M
Prkag2,M
Prkcd,P
Prkd2,M&P
Prkx,P
Prl,P
Prlhr,P
Prmt3,M
Prmt9,M
Proc,P
Proca1,P
Procr,P
Prok1,P
Prok2,P
Prokr1,P
Prokr2,M
Prom2,P
Prorsd1,P
Proser2,P
Proser3,P
Prox1os,P
Prox2,P
Proz,P
Prpf4,P
Prph,P
Prps1,P
Prps2,P
Prr11,P
Prr15,P
Prr22,P
Prr29,P
Prr32,P
Prr33,P
Prr36,P
Prr3,M
Prrg1,P
Prrg2,M&P
Prrg3,P
Prrg4,P
Prrt4,M
Prrx2,P
Prrxl1,P
Prss16,P
Prss22,P
Prss23,P
Prss30,P
Prss38,P
Prss41,P
Prss43,P
Prss45,P
Prss48,P
Prss50,M&P
Prss53,P
Prss54,P
Prss56,M&P
Prss57,P
Prss8,P
Prtn3,P
Prune2,P
Prx,P
Prxl2b,P
Psd4,P
Psg16,M
Psma2,P
Psma8,P
Psmb11,P
Psmb8,M&P
Psmb9,M&P
Psmc3ip,P
Psmd10,P
Psmd8,M
Psme3ip1,M
Psors1c2,P
Pstpip1,M&P
Pstpip2,M
Ptafr,M&P
Ptbp3,P
Ptch2,P
Ptchd1,P
Ptchd4,M
Ptcra,P
Ptgdr2,P
Ptgdr,P
Ptger1,P
Ptger2,P
Ptger4,P
Ptges3l,P
Ptges,P
Ptgfr,M&P
Ptgir,P
Ptgis,P
Ptgr1,P
Ptgs2,M
Ptgs2os2,P
Ptgs2os,P
Pth2r,P
Ptma-ps2,P
Ptp4a3,P
Ptpn18,P
Ptpn20,P
Ptpn22,P
Ptpn3,P
Ptpn6,P
Ptprc,P
Ptprcap,P
Ptprh,P
Ptprq,P
Ptprv,P
Pttg1,P
Pttg1ip2,P
Ptx3,P
Ptx4,M&P
Purg,M
Pus7,M
Pusl1,M
Pvr,P
Pvrig,P
Pwwp3b,P
Pxdn,M
Pxk,M
Pxmp2,M
Pxt1,P
Pycard,P
Pycr1,P
Pygl,M
Qprt,P
Qrfpr,P
Qrfprl,P
Qrich2,P
Qtrt1,M
R3hcc1,P
R74862,P
Rab13,M
Rab19,P
Rab20,P
Rab25,P
Rab26,M
Rab26os,M&P
Rab32,P
Rab33a,P
Rab37,M
Rab38,P
Rab39b,P
Rab3gap2,M
Rab44,P
Rab7b,P
Rab9,P
Rab9b,P
Rabif,M
Rac2,P
Rac3,P
Rad21l,P
Rad23a,M
Rad23b,P
Rad51,P
Rad51ap1,P
Rad51ap2,M
Rad51b,P
Rad51c,M&P
Rad51d,M
Rad54b,P
Rad54l2,M
Rad54l,P
Rad9b,P
Radx,P
Rag1,P
Rai2,P
Raly,M
Ranbp10,M
Ranbp17,M
Rangrf,M&P
Rap1gap,M
Rap2c,P
Rapgef4,M
Rapsn,P
Rarb,P
Rarres1,P
Rasal3,P
Rasef,P
Rasgef1c,P
Rasgrp4,M&P
Rasip1,P
Rasl2-9,P
Rassf10,P
Rassf1,M
Rassf6,P
Rassf7,P
Rassf9,P
Rax,P
Rbbp7,P
Rbbp8,P
Rbbp9,M
Rbfaos,P
Rbl1,P
Rbl2,M
Rbm10,P
Rbm12,M
Rbm38,P
Rbm39,M
Rbm3,P
Rbm3os,P
Rbm41,P
Rbm46,P
Rbm47,P
Rbm7,M
Rbmx2,P
Rbmx,P
Rbmxl1,P
Rbp2,M&P
Rbp3,P
Rbp7,P
Rbpjl,P
Rbpms2,P
Rbpms,M&P
Rce1,M&P
Rcn1,M
Rcn3,M
Rcvrn,P
Rd3,P
Rdh14,M
Rdh16,P
Rdh18-ps,P
Rdh1,P
Rdh9,P
Rec114,P
Rec8,P
Recql4,P
Recql,P
Redrum,P
Reg3a,P
Reg3b,P
Relb,M&P
Rem1,P
Rem2,M
Renbp,P
Rep15,P
Repin1,M
Reps2,P
Retn,P
Rexo2,M
Rexo5,P
Rfc3,P
Rflna,P
Rfx1,M
Rfx8,P
Rgcc,M
Rgl1,M
Rgl3,P
Rgn,P
Rgs10,M&P
Rgs12,M
Rgs13,P
Rgs16,P
Rgs18,P
Rgs1,P
Rgs22,P
Rgs3,P
Rgs4,M
Rgs5,M
Rgs6,P
Rgs7,M
Rgs9bp,M&P
Rgsl1,P
Rhbdf2,P
Rhbdl2,P
Rhbg,P
Rhcg,P
Rheb,M
Rho,P
Rhod,P
Rhog,M
Rhoh,P
Rian,M&P
Ribc1,P
Ribc2,P
Riiad1,P
Rilp,P
Rims2,P
Rin2,P
Rin3,P
Rinl,P
Rint1,M
Riok2,M
Ripk3,P
Ripk4,P
Ripor1,M
Ripor3,P
Ripply3,P
Rlim,P
Rln1,M&P
Rmc1,P
Rmi2,P
Rmst,M
Rn45s,M
Rnase10,P
Rnase12,P
Rnase13,P
Rnase1,M&P
Rnase6,P
Rnaseh1,M
Rnaseh2a,M
Rnasel,P
Rnaset2b,M&P
Rnf113a2,P
Rnf125,P
Rnf128,P
Rnf133,P
Rnf138rt1,P
Rnf139,P
Rnf144a,M
Rnf148,P
Rnf150,M
Rnf151,P
Rnf17,P
Rnf183,P
Rnf207,P
Rnf212,M&P
Rnf214,P
Rnf223,M
Rnf225,M&P
Rnf2,M
Rnf39,P
Rnf5,M
Rnls,P
Rnpep,M
Rnps1,M
Rnu11,P
Rnu2-10,P
Rnu6,P
Robo3,P
Rock2,M
Rom1,P
Romo1,M
Ropn1l,M&P
Ror2,P
Rorc,P
Rp1,P
Rp2,P
Rpa3,P
Rpain,M
Rpe65,P
Rpgr,P
Rpgrip1,P
Rpgrip1l,M
Rph3al,M
Rpl10,P
Rpl10l,P
Rpl11,P
Rpl14-ps1,P
Rpl15,P
Rpl17-ps10,P
Rpl18,P
Rpl18a,P
Rpl22,M
Rpl28,M
Rpl29,M
Rpl31-ps12,P
Rpl32,M
Rpl32l,P
Rpl34-ps1,P
Rpl36a,P
Rpl36al,P
Rpl37a,M
Rpl37rt,P
Rpl38,P
Rpl39,P
Rpl39l,P
Rpl3l,P
Rpl7l1,M
Rplp0,M
Rplp1,M
Rprl3,P
Rps13,M&P
Rps15a-ps4,P
Rps15a-ps6,M
Rps17,P
Rps18-ps4,P
Rps18,M
Rps19-ps3,M&P
Rps25,M&P
Rps27,P
Rps27a,M&P
Rps28,M&P
Rps29,M&P
Rps2,M
Rps3a1,M
Rps4x,P
Rps5,P
Rps6-ps4,P
Rps6,P
Rps6ka3,P
Rps6ka6,P
Rps7,M
Rps9,M
Rptoros,P
Rpusd1,M
Rragb,P
Rrbp1,P
Rrh,P
Rrm1,M
Rrm2,P
Rrp9,M
Rs1,P
Rsad1,M
Rsad2,P
Rsf1os2,P
Rslcan18,P
Rsph14,P
Rsph1,M
Rsph3b,M
Rsph4a,M
Rsph6a,P
Rspo1,M&P
Rspo2,P
Rspo4,P
Rspry1,M
Rtbdn,P
Rtl1,M&P
Rtl3,P
Rtl4,P
Rtl5,P
Rtl8a,P
Rtl8b,P
Rtl8c,P
Rtl9,P
Rtn4,M
Rtp1,P
Rtp2,P
Rtp3,P
Rtp4,P
Rttn,P
Rubcnl,P
Rufy4,P
Runx1,P
Rxfp1,M&P
Rxfp2,P
Rxrb,M
Rxrg,P
Ryk,M
Ryr2,M
S100a10,M
S100a11,P
S100a14,P
S100a1,M
S100a3,P
S100a4,P
S100a7a,P
S100a9,P
S1pr2,P
S1pr4,P
Sae1,P
Sag,M&P
Sall1,M
Sall4,P
Samd11,P
Samd15,P
Samd1,M
Samd7,P
Samd9l,M&P
Samsn1,M&P
Sapcd2,P
Saraf,M
Sash3,P
Sat1,P
Saxo2,M
Sbk2,P
Sbk3,M&P
Sbp,P
Sbsn,P
Sbspon,P
Sc5d,M
Scand1,M
Scara5,P
Scarf1,P
Scarf2,P
Scd3,M&P
Scd4,M&P
Scel,P
Scfd1,P
Scgn,P
Scin,P
Scml1,P
Scml2,P
Scml4,P
Scn10a,P
Scn11a,P
Scn1b,M
Scn4a,P
Scn4b,P
Scn5a,P
Scnn1b,P
Scnn1g,P
Scoc,M
Scpep1,M
Scrt1,M
Sctr,P
Scube2,M&P
Scube3,P
Scx,P
Sdc1,P
Sdcbp2,M&P
Sdhaf4,M
Sdhc,M
Sdhd,P
Sds,P
Sebox,P
Sec11a,M
Sec11c,M
Sec14l3,P
Sec14l4,M&P
Sec16b,P
Sec1,P
Sec23b,M
Sec31b,P
Sec63,M
Selenbp2,P
Selenok-ps1,P
Selenom,P
Selenov,P
Sell,P
Sem1,M
Sema3a,M&P
Sema3b,M
Sema3f,M&P
Septin1,P
Septin6,P
Serac1,M
Serinc4,P
Serp2,P
Serpina12,P
Serpina1a,P
Serpina1b,P
Serpina3g,P
Serpina3i,M&P
Serpina3n,M
Serpina9,P
Serpinb10,P
Serpinb1b,P
Serpinb1c,P
Serpinb6b,P
Serpinb6c,P
Serpinb8,P
Serpinc1,P
Serpind1,P
Serpine1,P
Serpinf2,M&P
Serping1,M
Serpinh1,M
Serpini2,P
Sertad1,M
Sertm1,M
Setmar,M
Sfn,P
Sfrp2,P
Sfrp4,M&P
Sfrp5,P
Sfta3-ps,P
Sftpc,P
Sgca,P
Sgce,M
Sgcg,P
Sgcz,M&P
Sgk2,M&P
Sgo1,P
Sgo2a,P
Sgo2b,P
Sh2d1b1,P
Sh2d4a,P
Sh2d4b,P
Sh2d5,M
Sh2d6,P
Sh2d7,P
Sh3bgr,P
Sh3bgrl2,M
Sh3bgrl,P
Sh3d21,P
Sh3gl2,P
Sh3kbp1,P
Sh3pxd2b,M
Sh3rf2,P
Sh3tc1,M&P
Sh3tc2,P
Shbg,P
Shcbp1,P
Shcbp1l,P
Shh,P
Shisa3,M&P
Shisa4,M
Shisa8,P
Shisal2a,P
Shisal2b,P
Shld2,M&P
Shoc1,P
Shox2,P
Shroom2,P
Shroom4,P
Siah1b,P
Siah3,M
Sidt2,P
Sigirr,P
Siglec15,P
Siglec1,P
Siglece,P
Siglecf,M&P
Siglecg,P
Sik2,M&P
Sim1,P
Sim2,P
Sinhcaf,P
Sirpa,M
Sis,P
Six1,P
Six2,P
Six3,P
Six3os1,P
Six5,P
Ska1,P
Ska3,P
Skap1,M&P
Skint7,P
Skiv2l,P
Skor1,P
Sla2,P
Slain1os,P
Slamf1,P
Slamf6,P
Slamf8,P
Slamf9,P
Slc10a3,P
Slc10a4,P
Slc10a4l,M&P
Slc10a5,P
Slc10a6,P
Slc11a1,M&P
Slc11a2,M
Slc12a1,P
Slc12a3,P
Slc12a8,P
Slc13a1,P
Slc14a1,M
Slc14a2,P
Slc15a1,P
Slc15a3,P
Slc15a5,P
Slc16a10,P
Slc16a12,M
Slc16a2,P
Slc16a3,P
Slc16a8,P
Slc17a9,P
Slc18a1,P
Slc18a2,M&P
Slc18a3,P
Slc19a3,P
Slc1a5,M&P
Slc1a7,P
Slc22a12,P
Slc22a13,P
Slc22a13b,P
Slc22a18,P
Slc22a19,P
Slc22a21,M&P
Slc22a29,P
Slc22a2,P
Slc22a3,P
Slc22a4,P
Slc22a6,P
Slc22a7,P
Slc23a1,P
Slc23a3,P
Slc23a4,P
Slc24a1,P
Slc24a2,P
Slc24a5,P
Slc25a12,M
Slc25a14,P
Slc25a21,P
Slc25a26,M
Slc25a29,M
Slc25a2,M&P
Slc25a31,P
Slc25a32,P
Slc25a37,M&P
Slc25a3,M
Slc25a41,P
Slc25a43,P
Slc25a45,P
Slc25a47,M&P
Slc25a48,P
Slc25a51,M
Slc25a53,P
Slc25a5,P
Slc26a1,P
Slc26a3,P
Slc26a5,P
Slc26a7,P
Slc26a8,M
Slc26a9,P
Slc27a5,P
Slc27a6,M&P
Slc28a1,P
Slc28a2,P
Slc28a3,P
Slc29a1,M
Slc2a10,M&P
Slc2a2,P
Slc2a4,P
Slc2a5,M
Slc2a9,P
Slc30a10,P
Slc30a2,P
Slc30a3,M
Slc30a6,P
Slc31a1,P
Slc31a2,P
Slc33a1,P
Slc34a2,P
Slc35a2,P
Slc35a4,M&P
Slc35a5,M
Slc35b2,M
Slc35d2,P
Slc35d3,P
Slc35g3,P
Slc36a2,P
Slc37a2,P
Slc37a4,P
Slc38a11,M&P
Slc38a3,M
Slc38a4,P
Slc38a5,P
Slc39a2,P
Slc39a4,P
Slc39a5,P
Slc39a7,M
Slc39a8,P
Slc3a1,P
Slc43a1,P
Slc43a3,P
Slc44a3,P
Slc44a4,P
Slc45a2,P
Slc45a3,P
Slc47a1,P
Slc47a2,P
Slc4a11,P
Slc4a1,P
Slc4a2,M
Slc4a5,P
Slc4a9,P
Slc52a3,P
Slc5a10,P
Slc5a11,P
Slc5a12,P
Slc5a1,P
Slc5a2,P
Slc5a4a,P
Slc5a4b,P
Slc5a7,P
Slc5a8,P
Slc5a9,P
Slc6a12,P
Slc6a16,M
Slc6a19,P
Slc6a20b,P
Slc6a3,M&P
Slc6a4,P
Slc6a5,P
Slc6a8,P
Slc7a13,P
Slc7a2,M
Slc7a3,P
Slc7a7,P
Slc9a1,M
Slc9a3,M&P
Slc9a3r1,M
Slc9a3r2,M
Slc9a6,P
Slc9a7,P
Slc9b1,P
Slc9b2,M
Slco1a4,P
Slco1a5,P
Slco1b2,P
Slco2a1,P
Slco4a1,P
Slco4c1,M&P
Slco5a1,P
Slco6c1,P
Slco6d1,P
Slfn10-ps,P
Slfn14,P
Slfn2,P
Slfn3,P
Slfn4,P
Slfn5,M&P
Slfn8,P
Slfn9,P
Slfnl1,P
Slirp,P
Slit3,M
Slitrk2,P
Slitrk4,P
Slitrk6,P
Sln,M&P
Slpi,M&P
Smad4,M
Smad6,M&P
Smagp,M&P
Smarca1,P
Smarca5-ps,P
Smarcd1,M
Smarcd3,M
Smc1a,P
Smc1b,P
Smc2os,P
Smco1,P
Smco3,M
Smdt1,M
Smg7,M
Smg9,M&P
Smim10l2a,P
Smim18,M
Smim22,P
Smim24,P
Smim34,P
Smim38,P
Smim40,P
Smim41,P
Smim5,M&P
Smim6,P
Smim9,P
Smkr-ps,M&P
Smpd5,P
Smpdl3b,P
Smpx,P
Smr3a,P
Sms,P
Smtnl2,P
Smyd1,P
Snai1,P
Snai2,P
Snapc5,P
Sncaip,P
Sncg,P
Snhg10,P
Snhg11,M
Snhg12,M
Snhg14,M
Snhg15,M
Snhg18,P
Snhg3,M
Snora17,P
Snora41,P
Snora43,P
Snora47,P
Snora73b,M
Snora78,M&P
Snorc,P
Snord13,P
Snord15a,P
Snord22,P
Snord49b,P
Snord52,P
Snord53,P
Snord88a,P
Snord91a,M&P
Snrnp27,P
Snrpb2,M
Snrpc,P
Snrpd1,P
Snrpd2,P
Snrpf,M
Snrpg,P
Snrpn,M
Sntb2,P
Sntg2,M
Sntn,P
Snu13,P
Snx12,P
Snx13,M
Snx20,P
Snx30,P
Snx31,P
Snx9,M
Soat2,P
Socs3,P
Sod3,M
Sohlh2,P
Sorbs2os,P
Sorbs3,P
Sorl1,M
Sowahb,M
Sox10,M
Sox11,M
Sox13,M
Sox14,P
Sox15,P
Sox18,M&P
Sox21,M
Sox30,P
Sox3,P
Sox7,P
Sp100,P
Sp110,P
Sp140,P
Sp5,P
Sp6,M&P
Sp7,M&P
Sp8,P
Spa17,P
Spaar,P
Spaca1,P
Spaca9,P
Spag17,P
Spag1,P
Spag4,M&P
Spag6,P
Spag8,P
Spast,M&P
Spata16,P
Spata17,M&P
Spata18,P
Spata19,P
Spata1,M&P
Spata20,P
Spata21,P
Spata22,P
Spata25,P
Spata31d1a,P
Spata31d1b,P
Spata31d1d,P
Spata32,P
Spata3,P
Spata48,P
Spata4,P
Spata9,P
Spats1,M
Spc24,M&P
Spc25,P
Spdef,P
Spdl1,P
Spdya,M&P
Speer4a,P
Speer4b,P
Spef1l,P
Spef2,P
Spem1,P
Sphk1,P
Sphk2,P
Spib,P
Spin2c,P
Spin4,P
Spink10,P
Spink13,P
Spink4,P
Spink8,M
Spint1,M&P
Spn,P
Spns3,P
Spo11,P
Spon2,P
Spp1,M&P
Spp2,P
Spsb2,P
Spsb3,M
Spta1,P
Sptbn5,P
Sptlc3,P
Sptssb,P
Spx,P
Srarp,M
Srd5a2,P
Srgn,P
Srl,P
Srm,M
Srms,P
Srp54a,M
Srp54c,P
Srp9,M
Srpk2,M
Srpk3,P
Srpx2,P
Srpx,P
Srrm2,M
Srsf1,M
Ssc4d,P
Ssc5d,M&P
Ssmem1,P
Sspo,P
Ssr4,P
Sstr3,M
Sstr5,P
Ssu2,P
St14,P
St6galnac2,P
St8sia1,P
St8sia2,P
St8sia3os,P
Stab2,P
Stac3,P
Stac,P
Stag2,P
Stag3,P
Stamos,P
Stap2,P
Star,P
Stard3nl,M
Stard6,P
Stard8,P
Stat4,M&P
Stat5a,P
Stbd1,M&P
Stc1,P
Steap1,P
Steap3,M
Steap4,P
Stil,P
Stk10,M
Stk11ip,M
Stk26,P
Stk31,P
Stk33,P
Stk35os1,M
Stk3,P
Stkld1,P
Stmn1-rs1,M&P
Stmn1,P
Stmn4,M
Stmnd1,P
Stoml3,P
Ston1,M
Stpg1,P
Stpg2,P
Stpg3,P
Stpg4,P
Stra6l,P
Strc,M&P
Strn4,M
Stt3b,M
Stx11,P
Stxbp3-ps,P
Styk1,P
Styxl1,P
Sult1c1,P
Sult1c2,P
Sult2b1,P
Sult5a1,P
Sult6b1,P
Sun3,M&P
Supt3,M
Supt4b,M
Susd1,P
Susd2,P
Susd3,P
Suv39h1,P
Sv2c,M
Svbp,P
Svep1,P
Svopl,P
Swt1,M
Syap1,P
Syce1,M&P
Syce2,M&P
Sycp2,P
Sycp2l,P
Sycp3,P
Syde2,M
Syn1,P
Sync,P
Syne3,P
Syne4,M&P
Syngr3,M
Synj2,M
Synpo2,M
Synpo2l,P
Synpr,P
Syp,P
Sypl2,P
Sypl,M
Syt15,P
Syt17,M
Syt2,M
Sytl1,P
Sytl3,M&P
Sytl4,P
Sytl5,P
T2,M&P
Tab3,P
Tacr1,M&P
Tacr2,P
Tacr3,P
Tacstd2,P
Taf13,P
Taf1,P
Taf1b,M
Taf7l,P
Taf8,M
Taf9b,P
Tafa3,P
Tafa4,P
Tagap1,M
Tagln3,M
Tagln,P
Tal1,P
Tal2,P
Tango6,P
Tap1,M&P
Tapbp,M
Tardbp,M
Tarm1,P
Tas1r1,P
Tas1r3,P
Tas2r108,P
Tas2r137,P
Tas2r143,P
Tat,P
Tax1bp3,M&P
Taz,P
Tbc1d10c,P
Tbc1d22bos,P
Tbc1d24,M
Tbc1d25,P
Tbc1d2,M
Tbc1d8b,P
Tbc1d9,M
Tbcc,M
Tbl1x,P
Tbl3,M
Tbrg3,P
Tbx15,P
Tbx18,P
Tbx1,P
Tbx21,P
Tbx2,P
Tbx3,M
Tbx3os1,P
Tbx4,P
Tbx5,P
Tbx6,P
Tbxa2r,P
Tbxas1,P
Tc2n,P
Tcaf2,P
Tcam1,P
Tcap,P
Tcea3,P
Tceal1,P
Tceal3,P
Tceal5,P
Tceal6,P
Tceal7,P
Tceal8,P
Tceal9,P
Tceanc,P
Tcf15,P
Tcf21,P
Tcf23,P
Tcf24,P
Tcf7,P
Tcfl5,P
Tchh,M&P
Tcim,P
Tcp10b,P
Tcp10c,P
Tcp11,M&P
Tcte1,M&P
Tctex1d1,P
Tctex1d4,P
Tdg-ps2,M
Tdgf1,M&P
Tdh,P
Tdo2,P
Tdrd12,P
Tdrd1,P
Tdrd3,M&P
Tdrd5,P
Tdrd6,P
Tdrd9,P
Tead2,P
Tead3,P
Tead4,P
Tec,M&P
Tecr,M
Tecrl,P
Tecta,P
Tectb,P
Tedc1,P
Tedc2,M
Teddm3,P
Tekt1,M&P
Tekt2,P
Tekt3,P
Tekt4,M&P
Tekt5,P
Telo2,M
Tenm1,P
Tent5b,P
Tent5d,P
Terf1,M
Terf2,P
Terf2ip,P
Tert,M
Tes,P
Tesk1,M
Tesmin,P
Tex11,P
Tex12,P
Tex15,M&P
Tex16,P
Tex22,P
Tex264,M
Tex26,P
Tex29,P
Tex30,M&P
Tex35,P
Tex38,P
Tex43,P
Tex45,P
Tex52,M&P
Tfap2a,P
Tfap2b,P
Tfap2c,M&P
Tfap2d,P
Tfap2e,P
Tfap4,P
Tfb1m,M
Tfe3,P
Tfeb,M
Tfec,P
Tfpi2,P
Tfr2,M
Tg,P
Tgds,P
Tgfb1i1,P
Tgfbi,P
Tgfbr3l,P
Tgif1,P
Tgm1,P
Tgm3,P
Tgm4,P
Tgm6,P
Tgm7,P
Tgs1,M
Tgtp1,P
Tgtp2,P
Th,P
Tha1,P
Thap6,P
Thbs1,P
Theg,P
Thegl,M&P
Them6,M
Them7,P
Themis2,P
Themis3,P
Themis,P
Thoc1,M&P
Thoc2,P
Thoc2l,M
Thoc6,M
Thrb,P
Thsd4,P
Ticam2,P
Ticrr,P
Tigar,M
Tigd4,P
Timeless,M&P
Timm10,P
Timm17a,M
Timm17b,P
Timm44,M
Timm8a1,M&P
Timmdc1,P
Timp1,P
Tinag,P
Tincr,P
Tirap,P
Tjap1,M
Tjp3,P
Tk1,P
Tktl1,P
Tktl2,P
Tlcd2,P
Tldc2,P
Tle1,M
Tle6,P
Tll2,M&P
Tlr12,P
Tlr13,P
Tlr1,P
Tlr2,P
Tlr4,P
Tlr5,P
Tlr6,P
Tlr7,P
Tlr8,P
Tlr9,M&P
Tm4sf19,P
Tm4sf5,P
Tm6sf2,P
Tma7-ps,P
Tma7,P
Tmc3,P
Tmc4,P
Tmc5,P
Tmc6,M
Tmc7,P
Tmc8,P
Tmco1,P
Tmco2,P
Tmco5,P
Tmco5b,P
Tmed2,P
Tmem100,M
Tmem102,P
Tmem106a,P
Tmem114,M
Tmem115,M
Tmem116,M
Tmem121,M
Tmem126a,M&P
Tmem132c,M
Tmem139,P
Tmem140,M
Tmem143,P
Tmem150b,P
Tmem150cos,P
Tmem151b,M
Tmem154,P
Tmem156,P
Tmem160,P
Tmem164,P
Tmem169,M
Tmem171,P
Tmem174,P
Tmem178,M
Tmem179,M&P
Tmem181a,M
Tmem181b-ps,M&P
Tmem181c-ps,M
Tmem182,P
Tmem184a,P
Tmem185a,P
Tmem18,M
Tmem199,P
Tmem200b,P
Tmem202,P
Tmem204,M
Tmem205,M
Tmem217,P
Tmem220,M&P
Tmem221,P
Tmem223,P
Tmem232,M
Tmem236,P
Tmem238,M&P
Tmem241,P
Tmem242,M
Tmem245,P
Tmem249,P
Tmem252,P
Tmem253,P
Tmem255a,P
Tmem256,P
Tmem25,P
Tmem262,P
Tmem268,P
Tmem26,P
Tmem273,P
Tmem28,P
Tmem29,P
Tmem30b,M&P
Tmem30c,P
Tmem35a,P
Tmem37,M&P
Tmem39a,M&P
Tmem40,P
Tmem45a2,P
Tmem45a,P
Tmem45b,M&P
Tmem47,P
Tmem51os1,P
Tmem52,M
Tmem54,P
Tmem63b,M
Tmem71,P
Tmem72,P
Tmem74b,M
Tmem74bos,P
Tmem79,P
Tmem82,P
Tmem88,P
Tmem89,P
Tmem92,P
Tmem95,P
Tmem9b,M&P
Tmie,P
Tmigd1,P
Tmigd3,P
Tmod4,P
Tmprss11a,P
Tmprss2,P
Tmprss5,P
Tmprss6,P
Tmprss7,M&P
Tmprss9,P
Tmsb10,P
Tmsb15b1,P
Tmsb4x,P
Tmub1,M
Tnc,P
Tnf,P
Tnfaip2,M&P
Tnfaip6,M
Tnfaip8l2,P
Tnfrsf10b,P
Tnfrsf11b,P
Tnfrsf12a,P
Tnfrsf13b,P
Tnfrsf13c,P
Tnfrsf14,P
Tnfrsf17,P
Tnfrsf18,P
Tnfrsf1b,M
Tnfrsf22,P
Tnfrsf23,P
Tnfrsf4,P
Tnfrsf8,M&P
Tnfrsf9,M&P
Tnfsf10,P
Tnfsf13,P
Tnfsf13b,M&P
Tnfsf13os,P
Tnfsf15,P
Tnfsf8,P
Tnfsf9,P
Tnk1,P
Tnk2os,P
Tnks,M
Tnmd,P
Tnn,P
Tnnc1,P
Tnni1,M&P
Tnni2,P
Tnni3,P
Tnni3k,M&P
Tnnt1,P
Tnnt2,P
Tnnt3,P
Tnpo2,M
Tns4,P
Togaram2,P
Tomm20l,P
Tomm40l,M
Tomm6,M
Tomm6os,M
Tomm7,M&P
Tomt,P
Top2a,P
Topaz1,P
Tor3a,M
Tor4a,P
Tox3,M
Tpbg,M
Tpcn2,M
Tph1,P
Tph2,P
Tpm2,M
Tpo,P
Tpr,M
Tpra1,M
Tpte,P
Tpx2,M&P
Trabd2b,M&P
Traf1,M
Traf3ip2,P
Traf3ip3,P
Traf4,P
Traf5,P
Traf7,M
Tram2,M&P
Trappc12,M
Trappc2,P
Trappc2l,M
Trappc3l,P
Trappc4,P
Trappc6a,P
Trarg1,P
Trat1,P
Trdn,P
Trem2,M
Treml2,P
Trerf1,M
Trh,M&P
Trhr2,P
Trhr,P
Trib3,P
Trim10,P
Trim12a,P
Trim14,P
Trim15,P
Trim16,M&P
Trim17,M&P
Trim25,M
Trim29,P
Trim30c,P
Trim30d,P
Trim32,P
Trim34a,M&P
Trim34b,P
Trim38,P
Trim3,M
Trim42,P
Trim43a,P
Trim47,P
Trim58,P
Trim5,P
Trim63,P
Trim6,P
Trim71,M
Trim72,P
Trim7,P
Trim80,P
Trip13,P
Trir,M
Trmt1,M
Trmt1l,M
Trmt2b,P
Trmt61a,M
Trmt9b,M
Trnau1ap,M
Trnt1,M
Tro,P
Troap,P
Trp53cor1,P
Trp53i13,P
Trp53inp2,M
Trp63,P
Trp73,P
Trpa1,P
Trpc4ap,M
Trpc5,P
Trpc7,P
Trpm1,P
Trpm5,P
Trpm6,P
Trpm8,P
Trpv1,P
Trpv3,P
Trpv4,P
Trpv6,P
Tsacc,P
Tsc22d3,P
Tsc2,M
Tsen15,M
Tsen34,M
Tsga10ip,P
Tsga13,P
Tshr,M&P
Tsix,P
Tsks,P
Tslp,P
Tspan10,P
Tspan11,M
Tspan1,P
Tspan2os,P
Tspan32,P
Tspan6,P
Tspan7,P
Tspan8,P
Tspear,P
Tspo,P
Tspoap1,M
Tspyl2,P
Tspyl5,P
Tsr2,P
Tsr3,M
Tssk1,P
Tssk3,P
Tssk4,P
Tssk6,P
Tstd1,M&P
Tsx,P
Ttc12,P
Ttc16,P
Ttc21a,P
Ttc22,P
Ttc25,P
Ttc27,P
Ttc29,P
Ttc30a2,P
Ttc32,P
Ttc36,P
Ttc39a,P
Ttc39aos1,P
Ttc39b,P
Ttc39d,P
Ttc41,P
Ttc6,P
Ttc8,M
Ttc9b,M
Ttf2,P
Ttk,P
Ttl,M
Ttll10,P
Ttll13,M&P
Ttll6,P
Ttll8,P
Ttll9,P
Ttn,P
Ttpa,P
Ttr,P
Tuba1c,M
Tubb2a-ps2,P
Tubb6,M&P
Tubd1,P
Tube1,P
Tulp1,P
Tulp4,M
Tunar,P
Tusc2,M&P
Tusc3,M
Twf2,M
Twist1,P
Twist2,P
Txk,P
Txlnb,P
Txlng,P
Txn1,P
Txndc17,P
Txndc2,P
Txnl4b,P
Tyms,P
Tyr,P
Tyrobp,P
Tyrp1,P
Tyw5,P
Uaca,M
Uap1,M
Uba1,P
Uba52,M&P
Uba7,P
Ubash3a,P
Ubb-ps,P
Ube2a,P
Ube2c,P
Ube2cbp,M
Ube2i,M
Ube2j2,M
Ube2t,M&P
Ube2u,P
Ube2v1,M
Ube4bos3,P
Ubiad1,M
Ubl4a,P
Ubqln2,P
Ubr2,M
Ubr4,P
Ubtd2,M
Ubxn10,M
Ubxn11,M
Ubxn8,M
Uchl1os,P
Uchl4,P
Uckl1os,P
Ucma,P
Ucn3,P
Ucp2,M
Ucp3,P
Ufc1,M
Ugcg,P
Ugt1a6a,M&P
Ugt1a6b,M&P
Ugt1a7c,P
Uhmk1,M
Uhrf1,P
Umad1,P
Umodl1,P
Unc13d,P
Unc45b,M&P
Unc45bos,P
Unc5cl,P
Unc5d,M
Uncx,P
Ung,M&P
Unkl,M
Uox,M&P
Upb1,P
Upf3b,P
Upk1a,P
Upk1b,P
Upk3a,P
Upk3bl,P
Uprt,P
Uqcc1,M
Uqcc2,M&P
Uqcr10,M
Uqcrb,M
Uqcrq,P
Urah,P
Uri1,M
Urml,P
Usb1,P
Usf1,M
Ush1c,P
Ush1g,P
Ush2a,P
Usp11,P
Usp18,P
Usp21,M
Usp27x,P
Usp29,M
Usp38,M
Usp43,M&P
Usp48,M
Usp49,M
Usp50,P
Usp51,P
Usp9x,P
Ust,M
Utp14a,P
Utp4,P
Uts2r,P
Uty,P
Uxt,P
Vamp2,M
Vamp3,M
Vamp5,P
Vamp9,M&P
Vangl2,M
Vash2,P
Vasp,M&P
Vaultrc5,P
Vav1,P
Vax1,P
Vbp1,P
Vcp,M&P
Vcpkmt,M
Vdr,P
Vegfd,P
Veph1,P
Vezf1,M
Vezt,M
Vgll2,P
Vgll3,P
Vil1,P
Vill,P
Vinac1,P
Vipr2,M&P
Vma21,P
Vmn1r206,P
Vmn2r1,P
Vmn2r27,P
Vmn2r29,P
Vmn2r30,P
Vmn2r57,P
Vmn2r84,P
Vmn2r85,P
Vmn2r86,P
Vmn2r87,P
Vmn2r9,P
Vmo1,P
Vnn1,P
Vpreb1,P
Vps13d,M
Vps35,M
Vps35l,M&P
Vps37a,M
Vps4a,P
Vps52,M
Vrk1,P
Vrk2,P
Vsig10,P
Vsig10l,P
Vsig1,P
Vsig2,P
Vsig8,P
Vsx1,P
Vsx2,P
Vwa2,P
Vwa3b,P
Vwa5b1,P
Vwa7,P
Vwc2l,P
Vwce,P
Vwde,P
Wapl,P
Wars,M
Was,P
Wbscr25,P
Wdfy4,P
Wdr11,P
Wdr13,P
Wdr20rt,P
Wdr25,M
Wdr27,P
Wdr31,P
Wdr37,M
Wdr38,P
Wdr44,P
Wdr45,P
Wdr46,M
Wdr49,P
Wdr54,P
Wdr60,M
Wdr62,P
Wdr63,P
Wdr66,P
Wdr72,P
Wdr82,M
Wdr83,M
Wdr83os,M
Wdr86,M&P
Wdr93,P
Wdr95,P
Wdsub1,M
Wee2,M&P
Wfdc18,P
Wfdc1,P
Wfdc2,P
Wfdc3,P
Wfdc6a,P
Wfikkn1,P
Wfikkn2,P
Whrn,P
Wif1,P
Wnk3,P
Wnk4,P
Wnt10b,P
Wnt11,P
Wnt16,P
Wnt2,P
Wnt2b,M&P
Wnt3,P
Wnt3a,P
Wnt5b,P
Wnt6,P
Wnt8b,P
Wnt9b,P
Wrn,M
Wwp2,P
Xab2,P
Xaf1,M
Xbp1,M
Xiap,P
Xirp1,P
Xirp2,P
Xist,P
Xk,P
Xkr5,P
Xkr7,P
Xkrx,P
Xlr3a,P
Xlr3b,P
Xlr4a,P
Xlr4b,P
Xlr5a,P
Xlr,P
Xpnpep2,P
Xrcc3,P
Xrcc4,M
Xrn2,P
Xrra1,M&P
Ybx2,M
Yipf3,M
Yipf4,M
Yipf6,P
Ywhaq,M
Yy1,M
Yy2,P
Zadh2,M
Zan,P
Zap70,P
Zar1,P
Zar1l,P
Zbbx,P
Zbed5,M&P
Zbp1,P
Zbtb16,M
Zbtb17,M
Zbtb22,M
Zbtb32,P
Zbtb33,P
Zbtb3,M
Zbtb40,P
Zbtb42,P
Zbtb7c,M
Zc2hc1c,M
Zc3h12a,P
Zc3h12b,P
Zc3h12d,P
Zc3h4,P
Zc4h2,P
Zcchc12,P
Zcchc18,P
Zcwpw2,P
Zdbf2,M
Zdhhc14,M
Zdhhc15,P
Zdhhc21,P
Zdhhc2,M
Zdhhc9,P
Zfhx3,P
Zfp108,P
Zfp109,P
Zfp111,P
Zfp114,P
Zfp119a,P
Zfp119b,P
Zfp133-ps,P
Zfp157,M
Zfp182,P
Zfp185,P
Zfp1,P
Zfp213,M
Zfp229,P
Zfp275,P
Zfp280c,P
Zfp300,P
Zfp330,M
Zfp335os,M&P
Zfp33b,M&P
Zfp345,P
Zfp358,P
Zfp367,M
Zfp37,P
Zfp383,M
Zfp385c,P
Zfp386,M
Zfp389,M&P
Zfp428,M
Zfp429,P
Zfp438,M
Zfp449,M&P
Zfp455,M&P
Zfp456,P
Zfp457,P
Zfp458,M
Zfp459,M&P
Zfp462,P
Zfp472,M
Zfp473,P
Zfp474,P
Zfp488,P
Zfp493,M
Zfp51,M&P
Zfp526,P
Zfp52,M
Zfp534,P
Zfp536,M
Zfp541,P
Zfp54,M&P
Zfp551,P
Zfp560,P
Zfp58,M
Zfp595,M
Zfp598,M
Zfp600,P
Zfp607a,P
Zfp612,M
Zfp617,P
Zfp618,P
Zfp619,M
Zfp61,P
Zfp648,P
Zfp660,M&P
Zfp663,P
Zfp677,M&P
Zfp68,M
Zfp691,P
Zfp69,M&P
Zfp706,M&P
Zfp711,P
Zfp712,M
Zfp748,M
Zfp750,P
Zfp763,M
Zfp772,M
Zfp773,M&P
Zfp775,M
Zfp783,P
Zfp791,M
Zfp804b,M&P
Zfp808,M&P
Zfp819,P
Zfp820,M&P
Zfp825,P
Zfp85os,P
Zfp862-ps,P
Zfp92,P
Zfp931,P
Zfp933,M
Zfp934,M&P
Zfp935,P
Zfp938,M
Zfp939,M
Zfp93,P
Zfp940,M
Zfp943,M
Zfp947,M&P
Zfp948,M
Zfp94,P
Zfp951,M&P
Zfp952,M
Zfp953,P
Zfp955a,P
Zfp960,P
Zfp964,P
Zfp970,P
Zfp971,P
Zfp972,P
Zfp976,P
Zfp977,M&P
Zfp979,P
Zfp97,P
Zfp981,P
Zfp982,M&P
Zfp984,M&P
Zfp988,P
Zfp991,P
Zfp992,P
Zfp994,M
Zfp995,P
Zfp996,P
Zfpm2,P
Zfx,P
Zfyve21,P
Zglp1,P
Zgrf1,M&P
Zic3,P
Zic4,P
Zic5,P
Zim2,P
Zim3,P
Zkscan16,P
Zmat1,P
Zmym3,P
Zmynd10,M&P
Zmynd11,M
Zmynd12,P
Zmynd15,P
Znf41-ps,P
Znhit1,M
Znrd1as,M
Znrd2,P
Znrf1,P
Zp2,P
Zp3,P
Zp3r,P
Zpbp2,P
Zpbp,P
Zpld1,P
Zrsr1,M
Zrsr2,P
Zscan10,P
Zscan30,P
Zswim2,P
Zswim4,M
Zwilch,P
Zxda,P
Zyg11a,P
